,species,lat,long
1,Petersianthus macrocarpus (P.Beauv.) Liben,-2.000843,12.941401
4,Petersianthus macrocarpus (P.Beauv.) Liben,-0.91025,12.88142
7,Petersianthus macrocarpus (P.Beauv.) Liben,0.436307,10.820305
9,Petersianthus macrocarpus (P.Beauv.) Liben,-1.657966,12.589895
10,Petersianthus macrocarpus (P.Beauv.) Liben,-1.786573,12.579305
11,Petersianthus macrocarpus (P.Beauv.) Liben,-1.791505,12.577556
12,Petersianthus macrocarpus (P.Beauv.) Liben,-1.790426,12.587443
17,Petersianthus macrocarpus (P.Beauv.) Liben,4.17443,11.002555
23,Petersianthus macrocarpus (P.Beauv.) Liben,0.532165,12.81791
25,Petersianthus macrocarpus (P.Beauv.) Liben,0.52719,12.808983
27,Petersianthus macrocarpus (P.Beauv.) Liben,0.517607,12.799828
29,Petersianthus macrocarpus (P.Beauv.) Liben,0.535798,12.818528
31,Petersianthus macrocarpus (P.Beauv.) Liben,0.510665,12.798312
33,Petersianthus macrocarpus (P.Beauv.) Liben,0.504925,12.799217
35,Petersianthus macrocarpus (P.Beauv.) Liben,0.506792,12.791802
37,Petersianthus macrocarpus (P.Beauv.) Liben,0.500942,12.800597
39,Petersianthus macrocarpus (P.Beauv.) Liben,0.505455,12.793833
41,Petersianthus macrocarpus (P.Beauv.) Liben,0.432948,12.296487
43,Petersianthus macrocarpus (P.Beauv.) Liben,0.417585,12.279717
45,Petersianthus macrocarpus (P.Beauv.) Liben,0.441288,12.313438
47,Petersianthus macrocarpus (P.Beauv.) Liben,0.42217,12.300215
49,Petersianthus macrocarpus (P.Beauv.) Liben,0.437345,12.339235
51,Petersianthus macrocarpus (P.Beauv.) Liben,0.406565,12.299778
53,Petersianthus macrocarpus (P.Beauv.) Liben,0.391563,12.302373
55,Petersianthus macrocarpus (P.Beauv.) Liben,0.426097,12.297318
57,Petersianthus macrocarpus (P.Beauv.) Liben,4.158936,21.873041
60,Petersianthus macrocarpus (P.Beauv.) Liben,-1.05239,12.54485
62,Petersianthus macrocarpus (P.Beauv.) Liben,-1.84261,12.71915
64,Petersianthus macrocarpus (P.Beauv.) Liben,-2.00185,12.94413
66,Petersianthus macrocarpus (P.Beauv.) Liben,-1.81966,12.95024
68,Petersianthus macrocarpus (P.Beauv.) Liben,-1.71295,13.12473
70,Petersianthus macrocarpus (P.Beauv.) Liben,-1.60415,13.10705
72,Petersianthus macrocarpus (P.Beauv.) Liben,6.111387,-0.609498
73,Petersianthus macrocarpus (P.Beauv.) Liben,5.229636,-4.872424
74,Petersianthus macrocarpus (P.Beauv.) Liben,6.264628,-0.558999
75,Petersianthus macrocarpus (P.Beauv.) Liben,6.319025,-0.546052
76,Petersianthus macrocarpus (P.Beauv.) Liben,6.265172,-0.559256
77,Petersianthus macrocarpus (P.Beauv.) Liben,6.265343,-0.558977
78,Petersianthus macrocarpus (P.Beauv.) Liben,6.685262,-2.867057
79,Petersianthus macrocarpus (P.Beauv.) Liben,6.705522,-2.856869
80,Petersianthus macrocarpus (P.Beauv.) Liben,6.111387,-0.615678
81,Petersianthus macrocarpus (P.Beauv.) Liben,6.111387,-0.612931
82,Petersianthus macrocarpus (P.Beauv.) Liben,6.111387,-0.610871
83,Petersianthus macrocarpus (P.Beauv.) Liben,-0.12514,9.87146
85,Petersianthus macrocarpus (P.Beauv.) Liben,3.683789,12.155016
87,Petersianthus macrocarpus (P.Beauv.) Liben,3.726874,12.17322
89,Petersianthus macrocarpus (P.Beauv.) Liben,-1.97982,14.12321
92,Combretodendron africanum (Welw. ex Benth. & Hook.f.) Exell,7.60589,-10.64862
93,Combretodendron africanum (Welw. ex Benth. & Hook.f.) Exell,7.60944,-10.65368
96,Petersianthus macrocarpus (P.Beauv.) Liben,-1.00239,13.025605
97,Petersianthus macrocarpus (P.Beauv.) Liben,-1.21153,12.865755
98,Petersianthus macrocarpus (P.Beauv.) Liben,-0.90425,12.71949
103,Petersianthus macrocarpus (P.Beauv.) Liben,3.2839,13.6013
105,Petersianthus macrocarpus (P.Beauv.) Liben,-0.88636,12.92183
108,Petersianthus macrocarpus (P.Beauv.) Liben,0.09922,10.111
109,Petersianthus macrocarpus (P.Beauv.) Liben,0.15741,10.04585
110,Petersianthus macrocarpus (P.Beauv.) Liben,0.16345,10.04328
114,Petersianthus macrocarpus (P.Beauv.) Liben,5.25183,6.4917
115,Petersianthus macrocarpus (P.Beauv.) Liben,5.26327,6.54422
116,Petersianthus macrocarpus (P.Beauv.) Liben,5.28404,6.28404
117,Petersianthus macrocarpus (P.Beauv.) Liben,5.30034,6.42677
118,Petersianthus macrocarpus (P.Beauv.) Liben,5.30502,6.45319
119,Petersianthus macrocarpus (P.Beauv.) Liben,-0.14987,10.77919
121,Petersianthus macrocarpus (P.Beauv.) Liben,-0.88345,12.65022
125,Petersianthus macrocarpus (P.Beauv.) Liben,-1.71757,13.25228
126,Petersianthus macrocarpus (P.Beauv.) Liben,-1.72132,13.25813
127,Petersianthus macrocarpus (P.Beauv.) Liben,-1.72014,13.25839
128,Petersianthus macrocarpus (P.Beauv.) Liben,-0.84512,12.69543
129,Petersianthus macrocarpus (P.Beauv.) Liben,-0.91201,12.74594
130,Petersianthus macrocarpus (P.Beauv.) Liben,-1.27007,13.02789
134,Combretodendron africanum (Welw. ex Benth. & Hook.f.) Exell,7.66607,-8.32896
135,Combretodendron africanum (Welw. ex Benth. & Hook.f.) Exell,7.64583,-8.3342
136,Combretodendron africanum (Welw. ex Benth. & Hook.f.) Exell,7.65276,-8.33517
137,Combretodendron africanum (Welw. ex Benth. & Hook.f.) Exell,7.6118,-8.44708
138,Combretodendron africanum (Welw. ex Benth. & Hook.f.) Exell,7.61346,-8.45343
144,Combretodendron macrocarpum (P.Beauv.) Keay,5.318969,8.34966
145,Petersianthus macrocarpus (P.Beauv.) Liben,0.29327,11.46688
147,Petersianthus macrocarpus (P.Beauv.) Liben,4.809953,8.525131
148,Petersianthus macrocarpus (P.Beauv.) Liben,4.84911,8.44922
149,Petersianthus macrocarpus (P.Beauv.) Liben,4.881437,8.493938
150,Petersianthus macrocarpus (P.Beauv.) Liben,4.960195,8.386564
151,Petersianthus macrocarpus (P.Beauv.) Liben,4.985292,8.39725
152,Petersianthus macrocarpus (P.Beauv.) Liben,5.020028,8.442311
153,Petersianthus macrocarpus (P.Beauv.) Liben,-1.77638,13.25355
154,Petersianthus macrocarpus (P.Beauv.) Liben,-1.73295,13.26237
155,Petersianthus macrocarpus (P.Beauv.) Liben,-1.82252,13.23166
156,Petersianthus macrocarpus (P.Beauv.) Liben,7.4,-7.166667
157,Combretodendron africanum (Welw. ex Benth. & Hook.f.) Exell,7.4791,-8.84211
161,Petersianthus macrocarpus (P.Beauv.) Liben,-1.418355,11.428577
162,Petersianthus macrocarpus (P.Beauv.) Liben,-1.287262,11.592122
163,Petersianthus macrocarpus (P.Beauv.) Liben,-1.380363,11.590603
165,Petersianthus macrocarpus (P.Beauv.) Liben,-1.379839,11.591115
166,Petersianthus macrocarpus (P.Beauv.) Liben,-1.379114,11.592165
167,Petersianthus macrocarpus (P.Beauv.) Liben,-1.380012,11.589552
168,Petersianthus macrocarpus (P.Beauv.) Liben,-1.380501,11.589122
169,Petersianthus macrocarpus (P.Beauv.) Liben,2.156363,11.896063
170,Petersianthus macrocarpus (P.Beauv.) Liben,2.167441,11.896063
171,Petersianthus macrocarpus (P.Beauv.) Liben,2.165067,11.896063
172,Petersianthus macrocarpus (P.Beauv.) Liben,2.163961,11.896063
173,Petersianthus macrocarpus (P.Beauv.) Liben,2.163761,11.896063
174,Petersianthus macrocarpus (P.Beauv.) Liben,2.145597,11.896063
175,Petersianthus macrocarpus (P.Beauv.) Liben,2.149225,11.896063
176,Petersianthus macrocarpus (P.Beauv.) Liben,2.162297,11.896063
177,Petersianthus macrocarpus (P.Beauv.) Liben,2.15971,11.896063
178,Petersianthus macrocarpus (P.Beauv.) Liben,2.179366,11.896063
179,Petersianthus macrocarpus (P.Beauv.) Liben,2.186609,11.896063
180,Petersianthus macrocarpus (P.Beauv.) Liben,2.164249,11.896063
181,Petersianthus macrocarpus (P.Beauv.) Liben,2.167827,11.896063
182,Petersianthus macrocarpus (P.Beauv.) Liben,2.162087,11.896063
183,Petersianthus macrocarpus (P.Beauv.) Liben,2.183442,11.896063
184,Petersianthus macrocarpus (P.Beauv.) Liben,2.179624,11.896063
185,Petersianthus macrocarpus (P.Beauv.) Liben,2.175827,11.896063
186,Petersianthus macrocarpus (P.Beauv.) Liben,2.161877,11.896063
187,Petersianthus macrocarpus (P.Beauv.) Liben,2.158384,11.896063
188,Petersianthus macrocarpus (P.Beauv.) Liben,2.168749,11.896063
189,Petersianthus macrocarpus (P.Beauv.) Liben,-1.77694,13.25414
190,Petersianthus macrocarpus (P.Beauv.) Liben,-1.78922,13.2477
191,Combretodendron africanum (Welw. ex Benth. & Hook.f.) Exell,8.39022,-9.34588
193,Combretodendron africanum (Welw. ex Benth. & Hook.f.) Exell,8.39264,-9.34343
194,Combretodendron africanum (Welw. ex Benth. & Hook.f.) Exell,8.39312,-9.34319
195,Combretodendron africanum (Welw. ex Benth. & Hook.f.) Exell,8.23579,-9.187
196,Combretodendron africanum (Welw. ex Benth. & Hook.f.) Exell,8.39296,-9.3431
197,Combretodendron africanum (Welw. ex Benth. & Hook.f.) Exell,8.23619,-9.18664
198,Combretodendron africanum (Welw. ex Benth. & Hook.f.) Exell,8.23491,-9.18722
200,Combretodendron africanum (Welw. ex Benth. & Hook.f.) Exell,8.23656,-9.18651
202,Combretodendron africanum (Welw. ex Benth. & Hook.f.) Exell,8.37562,-9.43752
204,Combretodendron africanum (Welw. ex Benth. & Hook.f.) Exell,8.37555,-9.43761
205,Combretodendron africanum (Welw. ex Benth. & Hook.f.) Exell,8.38116,-9.43417
209,Combretodendron africanum (Welw. ex Benth. & Hook.f.) Exell,8.38573,-9.30503
210,Petersianthus macrocarpus (P.Beauv.) Liben,5.36065,-3.91562
211,Petersianthus macrocarpus (P.Beauv.) Liben,0.397656,10.592985
212,Petersianthus macrocarpus (P.Beauv.) Liben,0.383343,10.590639
213,Petersianthus macrocarpus (P.Beauv.) Liben,0.53667,10.661978
214,Petersianthus macrocarpus (P.Beauv.) Liben,0.522259,10.62568
215,Petersianthus macrocarpus (P.Beauv.) Liben,0.478838,10.622601
216,Petersianthus macrocarpus (P.Beauv.) Liben,0.488358,10.634614
217,Petersianthus macrocarpus (P.Beauv.) Liben,-2.10151,11.58609
218,Petersianthus macrocarpus (P.Beauv.) Liben,-2.10153,11.58904
219,Petersianthus macrocarpus (P.Beauv.) Liben,-2.10157,11.59355
220,Petersianthus macrocarpus (P.Beauv.) Liben,-2.10159,11.59803
221,Petersianthus macrocarpus (P.Beauv.) Liben,-2.10156,11.60257
222,Petersianthus macrocarpus (P.Beauv.) Liben,-2.10591,11.5846
223,Petersianthus macrocarpus (P.Beauv.) Liben,-2.10596,11.58903
224,Petersianthus macrocarpus (P.Beauv.) Liben,-2.1059,11.59352
225,Petersianthus macrocarpus (P.Beauv.) Liben,-2.10592,11.59803
226,Petersianthus macrocarpus (P.Beauv.) Liben,-2.10585,11.60255
227,Petersianthus macrocarpus (P.Beauv.) Liben,-2.11045,11.58459
228,Petersianthus macrocarpus (P.Beauv.) Liben,-2.11047,11.58905
229,Petersianthus macrocarpus (P.Beauv.) Liben,-2.11059,11.59365
230,Petersianthus macrocarpus (P.Beauv.) Liben,-2.11073,11.59804
231,Petersianthus macrocarpus (P.Beauv.) Liben,-2.11501,11.58456
232,Petersianthus macrocarpus (P.Beauv.) Liben,-2.11496,11.58872
233,Petersianthus macrocarpus (P.Beauv.) Liben,-2.11496,11.59352
234,Petersianthus macrocarpus (P.Beauv.) Liben,-2.11528,11.59801
235,Petersianthus macrocarpus (P.Beauv.) Liben,-2.11499,11.60244
236,Petersianthus macrocarpus (P.Beauv.) Liben,-2.11958,11.58906
237,Petersianthus macrocarpus (P.Beauv.) Liben,-2.11975,11.59366
238,Petersianthus macrocarpus (P.Beauv.) Liben,-2.11957,11.59805
239,Petersianthus macrocarpus (P.Beauv.) Liben,-2.11961,11.60254
241,Petersianthus macrocarpus (P.Beauv.) Liben,-1.384838,11.580673
242,Petersianthus macrocarpus (P.Beauv.) Liben,-1.384162,11.579586
243,Petersianthus macrocarpus (P.Beauv.) Liben,-1.383589,11.581158
244,Petersianthus macrocarpus (P.Beauv.) Liben,-1.382504,11.580946
245,Petersianthus macrocarpus (P.Beauv.) Liben,-1.382016,11.581295
246,Petersianthus macrocarpus (P.Beauv.) Liben,-1.380929,11.581533
247,Petersianthus macrocarpus (P.Beauv.) Liben,-1.380368,11.581141
248,Petersianthus macrocarpus (P.Beauv.) Liben,-1.380212,11.582064
249,Petersianthus macrocarpus (P.Beauv.) Liben,-1.380639,11.581942
250,Petersianthus macrocarpus (P.Beauv.) Liben,-1.37795,11.587168
251,Petersianthus macrocarpus (P.Beauv.) Liben,-1.377095,11.58759
252,Petersianthus macrocarpus (P.Beauv.) Liben,-1.369033,11.590802
253,Petersianthus macrocarpus (P.Beauv.) Liben,-1.373667,11.592635
254,Petersianthus macrocarpus (P.Beauv.) Liben,-1.37921,11.590138
255,Petersianthus macrocarpus (P.Beauv.) Liben,-1.379756,11.59063
256,Petersianthus macrocarpus (P.Beauv.) Liben,-1.378744,11.590745
257,Combretodendron africanum (Welw. ex Benth. & Hook.f.) Exell,7.733806,-8.738222
258,Combretodendron africanum (Welw. ex Benth. & Hook.f.) Exell,7.933806,-8.140361
259,Combretodendron africanum (Welw. ex Benth. & Hook.f.) Exell,8.513833,-9.630556
260,Combretodendron africanum (Welw. ex Benth. & Hook.f.) Exell,7.579889,-8.819167
261,Combretodendron africanum (Welw. ex Benth. & Hook.f.) Exell,7.66725,-8.312361
262,Combretodendron africanum (Welw. ex Benth. & Hook.f.) Exell,7.882972,-8.603444
263,Combretodendron africanum (Welw. ex Benth. & Hook.f.) Exell,8.570972,-9.875778
264,Combretodendron africanum (Welw. ex Benth. & Hook.f.) Exell,8.044583,-9.056194
265,Combretodendron africanum (Welw. ex Benth. & Hook.f.) Exell,7.560722,-9.096028
266,Petersianthus macrocarpus (P.Beauv.) Liben,5.34859,-3.98575
267,Petersianthus macrocarpus (P.Beauv.) Liben,7.691275,-5.037923
268,Combretodendron africanum (Welw. ex Benth. & Hook.f.) Exell,8.39873,-9.24649
269,Combretodendron africanum (Welw. ex Benth. & Hook.f.) Exell,8.4013,-9.31106
270,Combretodendron africanum (Welw. ex Benth. & Hook.f.) Exell,8.40245,-9.31028
271,Combretodendron africanum (Welw. ex Benth. & Hook.f.) Exell,8.33177,-9.21413
272,Combretodendron africanum (Welw. ex Benth. & Hook.f.) Exell,8.3403,-9.20356
273,Combretodendron africanum (Welw. ex Benth. & Hook.f.) Exell,8.38535,-9.29936
276,Combretodendron africanum (Welw. ex Benth. & Hook.f.) Exell,8.33169,-9.2146
277,Combretodendron africanum (Welw. ex Benth. & Hook.f.) Exell,8.39503,-9.24617
278,Petersianthus macrocarpus (P.Beauv.) Liben,4.928,9.999
290,Petersianthus macrocarpus (P.Beauv.) Liben,4.927,10
307,Petersianthus macrocarpus (P.Beauv.) Liben,3.321931,13.648409
309,Petersianthus macrocarpus (P.Beauv.) Liben,-5.621249,13.103083
310,Petersianthus macrocarpus (P.Beauv.) Liben,-5.632416,13.099416
311,Petersianthus macrocarpus (P.Beauv.) Liben,-5.607555,13.126916
312,Petersianthus macrocarpus (P.Beauv.) Liben,-5.608138,13.127527
313,Petersianthus macrocarpus (P.Beauv.) Liben,-5.607972,13.127388
319,Petersianthus macrocarpus (P.Beauv.) Liben,-6.61528,16.20333
320,Petersianthus macrocarpus (P.Beauv.) Liben,-5.608064,13.127503
322,Petersianthus macrocarpus (P.Beauv.) Liben,-5.607797,13.127239
323,Petersianthus macrocarpus (P.Beauv.) Liben,-5.607506,13.126692
325,Petersianthus macrocarpus (P.Beauv.) Liben,-5.632242,13.099192
326,Petersianthus macrocarpus (P.Beauv.) Liben,-5.621125,13.103058
327,Petersianthus macrocarpus (P.Beauv.) Liben,-2.31943,11.2255
328,Petersianthus macrocarpus (P.Beauv.) Liben,-2.36019,11.30781
329,Petersianthus macrocarpus (P.Beauv.) Liben,-2.35634,11.31002
330,Petersianthus macrocarpus (P.Beauv.) Liben,-2.49024,11.2543
331,Petersianthus macrocarpus (P.Beauv.) Liben,-2.3333,11.28383
332,Petersianthus macrocarpus (P.Beauv.) Liben,5.393284,-4.052228
333,Petersianthus macrocarpus (P.Beauv.) Liben,5.220203,13.447593
335,Petersianthus macrocarpus (P.Beauv.) Liben,5.220313,13.403183
337,Petersianthus macrocarpus (P.Beauv.) Liben,3.0623,13.581876
339,Petersianthus macrocarpus (P.Beauv.) Liben,6.744828,-3.006151
340,Petersianthus macrocarpus (P.Beauv.) Liben,6.361969,-2.482832
342,Petersianthus macrocarpus (P.Beauv.) Liben,7.162445,-2.556445
343,Petersianthus macrocarpus (P.Beauv.) Liben,0.636249,25.257083
344,Petersianthus macrocarpus (P.Beauv.) Liben,8.245244,-1.655978
345,Petersianthus macrocarpus (P.Beauv.) Liben,0.795944,24.494297
346,Petersianthus macrocarpus (P.Beauv.) Liben,0.765966,24.511277
349,Petersianthus macrocarpus (P.Beauv.) Liben,0.814425,24.485552
350,Petersianthus macrocarpus (P.Beauv.) Liben,0.869177,24.470186
353,Petersianthus macrocarpus (P.Beauv.) Liben,7.137009,-2.243002
357,Petersianthus macrocarpus (P.Beauv.) Liben,5.317087,-1.854438
358,Petersianthus macrocarpus (P.Beauv.) Liben,4.353028,10.41275
359,Petersianthus macrocarpus (P.Beauv.) Liben,5.8544,-0.178
360,Petersianthus macrocarpus (P.Beauv.) Liben,6.683,-4.15
361,Petersianthus macrocarpus (P.Beauv.) Liben,-1.850556,18.168333
362,Petersianthus macrocarpus (P.Beauv.) Liben,-2.182222,18.287222
363,Petersianthus macrocarpus (P.Beauv.) Liben,-2.182222,18.288333
368,Petersianthus macrocarpus (P.Beauv.) Liben,0.417778,9.34
373,Petersianthus macrocarpus (P.Beauv.) Liben,-4.766667,14.3
374,Petersianthus macrocarpus (P.Beauv.) Liben,2.174167,12.062778
375,Petersianthus macrocarpus (P.Beauv.) Liben,2.171389,12.062222
378,Petersianthus macrocarpus (P.Beauv.) Liben,-1.4561,13.2243
379,Petersianthus macrocarpus (P.Beauv.) Liben,2.63374,14.14073
382,Petersianthus macrocarpus (P.Beauv.) Liben,0.799228,24.491947
383,Petersianthus macrocarpus (P.Beauv.) Liben,0.79659,24.497792
384,Petersianthus macrocarpus (P.Beauv.) Liben,0.780441,24.521086
385,Petersianthus macrocarpus (P.Beauv.) Liben,0.789403,24.517549
386,Petersianthus macrocarpus (P.Beauv.) Liben,0.795914,24.494231
387,Petersianthus macrocarpus (P.Beauv.) Liben,0.793108,24.490133
388,Petersianthus macrocarpus (P.Beauv.) Liben,0.813549,24.512639
389,Petersianthus macrocarpus (P.Beauv.) Liben,0.7805,24.521094
390,Petersianthus macrocarpus (P.Beauv.) Liben,0.786618,24.523486
391,Petersianthus macrocarpus (P.Beauv.) Liben,0.814033,24.493697
392,Petersianthus macrocarpus (P.Beauv.) Liben,0.802561,24.487503
393,Combretodendron africanum (Welw. ex Benth. & Hook.f.) Exell,7.705833,-8.340833
394,Combretodendron africanum (Welw. ex Benth. & Hook.f.) Exell,7.661667,-8.381111
395,Petersianthus macrocarpus (P.Beauv.) Liben,-1.59192,13.2806
396,Petersianthus macrocarpus (P.Beauv.) Liben,-1.60257,13.25778
397,Combretodendron africanum (Welw. ex Benth. & Hook.f.) Exell,7.70583,-8.34083
399,Combretodendron africanum (Welw. ex Benth. & Hook.f.) Exell,7.705806,-8.340944
403,Petersianthus macrocarpus (P.Beauv.) Liben,0.90459,13.10787
404,Petersianthus macrocarpus (P.Beauv.) Liben,0.587999,24.934888
405,Petersianthus macrocarpus (P.Beauv.) Liben,-2.287499,14.512222
406,Petersianthus macrocarpus (P.Beauv.) Liben,2.116055,27.522111
408,Petersianthus macrocarpus (P.Beauv.) Liben,2.116056,27.522111
409,Petersianthus macrocarpus (P.Beauv.) Liben,-1.63947,10.86085
410,Petersianthus macrocarpus (P.Beauv.) Liben,-1.81131,10.99235
411,Petersianthus macrocarpus (P.Beauv.) Liben,-1.8094,10.99664
412,Petersianthus macrocarpus (P.Beauv.) Liben,-1.59907,10.80272
413,Petersianthus macrocarpus (P.Beauv.) Liben,-1.59608,10.80955
414,Petersianthus macrocarpus (P.Beauv.) Liben,-1.58758,10.82868
416,Petersianthus macrocarpus (P.Beauv.) Liben,5.641969,-8.146008
417,Petersianthus macrocarpus (P.Beauv.) Liben,5.388333,-8.28
418,Petersianthus macrocarpus (P.Beauv.) Liben,-1.34358,12.72451
419,Petersianthus macrocarpus (P.Beauv.) Liben,0.5044,12.80295
420,Petersianthus macrocarpus (P.Beauv.) Liben,0.511613,12.794888
421,Petersianthus macrocarpus (P.Beauv.) Liben,0.290555,25.288888
422,Petersianthus macrocarpus (P.Beauv.) Liben,7.667833,-8.324333
426,Petersianthus macrocarpus (P.Beauv.) Liben,-1.040833,11.155277
427,Petersianthus macrocarpus (P.Beauv.) Liben,-1.04083,11.15527
428,Petersianthus macrocarpus (P.Beauv.) Liben,-0.680333,14.112333
430,Petersianthus macrocarpus (P.Beauv.) Liben,4.689717,13.64045
434,Petersianthus macrocarpus (P.Beauv.) Liben,-1.04972,11.18305
435,Petersianthus macrocarpus (P.Beauv.) Liben,2.195,16.08444
436,Petersianthus macrocarpus (P.Beauv.) Liben,2.116944,16.528889
437,Petersianthus macrocarpus (P.Beauv.) Liben,2.1169,16.52898
438,Petersianthus macrocarpus (P.Beauv.) Liben,7.6977,-8.4185
439,Petersianthus macrocarpus (P.Beauv.) Liben,7.697667,-8.4185
442,Petersianthus macrocarpus (P.Beauv.) Liben,0.416111,12.047772
443,Petersianthus macrocarpus (P.Beauv.) Liben,0.418611,12.084167
444,Petersianthus macrocarpus (P.Beauv.) Liben,0.408333,12.131111
445,Petersianthus macrocarpus (P.Beauv.) Liben,0.39,12.099444
446,Petersianthus macrocarpus (P.Beauv.) Liben,-1.10361,11.31472
448,Petersianthus macrocarpus (P.Beauv.) Liben,-1.14655,11.16285
449,Petersianthus macrocarpus (P.Beauv.) Liben,-1.1322,11.149467
450,Petersianthus macrocarpus (P.Beauv.) Liben,-1.159444,11.045833
453,Petersianthus macrocarpus (P.Beauv.) Liben,5.65,-8.15
455,Petersianthus macrocarpus (P.Beauv.) Liben,5.585333,-8.177333
460,Petersianthus macrocarpus (P.Beauv.) Liben,8.032,-9.736
461,Petersianthus macrocarpus (P.Beauv.) Liben,8.05,-9.7
462,Petersianthus macrocarpus (P.Beauv.) Liben,5.309657,-4.012656
463,Petersianthus macrocarpus (P.Beauv.) Liben,-0.166667,12.333333
468,Petersianthus macrocarpus (P.Beauv.) Liben,-1.30528,13.7175
470,Petersianthus macrocarpus (P.Beauv.) Liben,1.294,23.431
471,Petersianthus macrocarpus (P.Beauv.) Liben,5.533,-2.617
472,Petersianthus macrocarpus (P.Beauv.) Liben,5.2,-2.4
475,Petersianthus macrocarpus (P.Beauv.) Liben,6.617,-2.85
479,Combretodendron macrocarpum (P.Beauv.) Keay,6.174,-7.788
480,Combretodendron macrocarpum (P.Beauv.) Keay,4.9,-7.316
481,Combretodendron africanum (Welw. ex Benth. & Hook.f.) Exell,8.533,-8.9
482,Petersianthus macrocarpus (P.Beauv.) Liben,6.524778,-2.944319
483,Petersianthus macrocarpus (P.Beauv.) Liben,0.955,13.818333
484,Petersianthus macrocarpus (P.Beauv.) Liben,6.8,-7.916667
486,Petersianthus macrocarpus (P.Beauv.) Liben,2.8,10.533333
487,Petersianthus macrocarpus (P.Beauv.) Liben,1.045,11.74
491,Petersianthus macrocarpus (P.Beauv.) Liben,0.416667,9.483333
496,Petersianthus macrocarpus (P.Beauv.) Liben,-2.233333,10.45
498,Petersianthus macrocarpus (P.Beauv.) Liben,0.532752,11.166535
499,Petersianthus macrocarpus (P.Beauv.) Liben,0.629844,10.968806
500,Petersianthus macrocarpus (P.Beauv.) Liben,0.696178,10.896384
501,Petersianthus macrocarpus (P.Beauv.) Liben,0.625801,11.00006
502,Petersianthus macrocarpus (P.Beauv.) Liben,0.641693,11.030073
503,Petersianthus macrocarpus (P.Beauv.) Liben,0.54473,11.143162
504,Petersianthus macrocarpus (P.Beauv.) Liben,0.725267,10.883874
505,Petersianthus macrocarpus (P.Beauv.) Liben,-0.683333,11.916667
512,Petersianthus macrocarpus (P.Beauv.) Liben,-0.678333,11.91
516,Petersianthus macrocarpus (P.Beauv.) Liben,1.416667,28.583333
522,Petersianthus macrocarpus (P.Beauv.) Liben,5.333333,-4
524,Petersianthus macrocarpus (P.Beauv.) Liben,3.066667,10.716667
525,Petersianthus macrocarpus (P.Beauv.) Liben,-1.376667,10.443333
529,Petersianthus macrocarpus (P.Beauv.) Liben,0.483333,14.680555
530,Petersianthus macrocarpus (P.Beauv.) Liben,3.283333,13.083333
531,Petersianthus macrocarpus (P.Beauv.) Liben,6.933333,-6.983333
532,Petersianthus macrocarpus (P.Beauv.) Liben,3.15,13.616667
535,Combretodendron africanum (Welw. ex Benth. & Hook.f.) Exell,1.85,10.05
536,Petersianthus macrocarpus (P.Beauv.) Liben,0.5,14.666667
538,Petersianthus macrocarpus (P.Beauv.) Liben,1.65,10.3
539,Petersianthus macrocarpus (P.Beauv.) Liben,0.41666,11.91666
540,Petersianthus macrocarpus (P.Beauv.) Liben,-5.05,12.583333
541,Petersianthus macrocarpus (P.Beauv.) Liben,3.333333,12.85
542,Petersianthus macrocarpus (P.Beauv.) Liben,3.333333,12.866667
546,Petersianthus macrocarpus (P.Beauv.) Liben,4.05,9.133333
547,Petersianthus macrocarpus (P.Beauv.) Liben,4,9.25
548,Petersianthus macrocarpus (P.Beauv.) Liben,5.9,-4.166667
549,Petersianthus macrocarpus (P.Beauv.) Liben,5.733333,-4.133333
550,Petersianthus macrocarpus (P.Beauv.) Liben,5.389143,-4.051611
551,Petersianthus macrocarpus (P.Beauv.) Liben,5.4,-4.066667
552,Petersianthus macrocarpus (P.Beauv.) Liben,-0.033333,9.401389
557,Combretodendron macrocarpum (P.Beauv.) Keay,2.83333,16.45
561,Petersianthus macrocarpus (P.Beauv.) Liben,3.716667,8.683333
563,Combretodendron macrocarpum (P.Beauv.) Keay,2.35,16.15
564,Petersia africana Welw. ex Benth. & Hook.f.,5.28333,9.08333
565,Combretodendron macrocarpum (P.Beauv.) Keay,2.38333,16.16666
566,Petersianthus macrocarpus (P.Beauv.) Liben,2.36666,16.31666
567,Combretodendron macrocarpum (P.Beauv.) Keay,2.38333,16.18333
568,Combretodendron macrocarpum (P.Beauv.) Keay,2.36666,16.16666
569,Petersianthus macrocarpus (P.Beauv.) Liben,2.7,16.11666
570,Petersianthus macrocarpus (P.Beauv.) Liben,2.85,16.46666
571,Petersianthus macrocarpus (P.Beauv.) Liben,6.6,-1.3
572,Petersianthus macrocarpus (P.Beauv.) Liben,6.63,-1.28
575,Petersianthus macrocarpus (P.Beauv.) Liben,-0.816667,12.7
579,Petersianthus africanus (Welw. ex Benth. & Hook.f.) Merr.,0.4,11.86666
580,Petersianthus macrocarpus (P.Beauv.) Liben,0.4,11.866667
581,Petersianthus macrocarpus (P.Beauv.) Liben,3.383333,12.75
582,Petersianthus macrocarpus (P.Beauv.) Liben,0.4,11.55
584,Petersianthus macrocarpus (P.Beauv.) Liben,-5.15,15.1
586,Combretodendron africanum (Welw. ex Benth. & Hook.f.) Exell,3.716667,8.683333
588,Combretodendron macrocarpum (P.Beauv.) Keay,0.883333,10.916667
589,Petersianthus macrocarpus (P.Beauv.) Liben,0.88,10.92
590,Petersianthus macrocarpus (P.Beauv.) Liben,0.883333,10.916667
591,Petersianthus macrocarpus (P.Beauv.) Liben,5.85,-7.416667
592,Petersianthus macrocarpus (P.Beauv.) Liben,5.02,9.67
593,Petersianthus macrocarpus (P.Beauv.) Liben,5.016667,9.666667
595,Petersia africana Welw. ex Benth. & Hook.f.,5.01666,9.66666
597,Petersianthus macrocarpus (P.Beauv.) Liben,2.216667,12.116667
600,Petersianthus macrocarpus (P.Beauv.) Liben,0.416667,9.49
603,Petersianthus macrocarpus (P.Beauv.) Liben,4.76,10.83
604,Petersianthus macrocarpus (P.Beauv.) Liben,-1.95,11.216667
606,Combretodendron africanum (Welw. ex Benth. & Hook.f.) Exell,-4.233333,12.433333
607,Petersianthus macrocarpus (P.Beauv.) Liben,3.133333,13.65
609,Petersianthus macrocarpus (P.Beauv.) Liben,0.566667,12.866667
611,Petersianthus macrocarpus (P.Beauv.) Liben,6.283333,-0.466667
614,Combretodendron africanum (Welw. ex Benth. & Hook.f.) Exell,4.566667,13.416667
616,Petersianthus macrocarpus (P.Beauv.) Liben,6.05,0.5
617,Petersianthus macrocarpus (P.Beauv.) Liben,6.083333,-0.833333
618,Petersianthus macrocarpus (P.Beauv.) Liben,5.833333,8.833333
620,Petersianthus macrocarpus (P.Beauv.) Liben,0.7,25.183333
624,Petersianthus macrocarpus (P.Beauv.) Liben,5.383333,-4.05
628,Petersianthus macrocarpus (P.Beauv.) Liben,5.35,-4.133333
632,Petersianthus macrocarpus (P.Beauv.) Liben,2.8,11.166667
633,Petersianthus macrocarpus (P.Beauv.) Liben,2.8,11.16667
638,Petersianthus macrocarpus (P.Beauv.) Liben,2.816667,10.966667
641,Petersianthus macrocarpus (P.Beauv.) Liben,2.816667,11.083333
647,Combretodendron africanum (Welw. ex Benth. & Hook.f.) Exell,0.65,25.183333
648,Combretodendron africanum (Welw. ex Benth. & Hook.f.) Exell,0.516667,25.083333
653,Combretodendron africanum (Welw. ex Benth. & Hook.f.) Exell,5.385162,-4.052331
654,Combretodendron macrocarpum (P.Beauv.) Keay,6.41722,-4.09692
655,Combretodendron africanum (Welw. ex Benth. & Hook.f.) Exell,-0.733333,26.583333
656,Petersianthus macrocarpus (P.Beauv.) Liben,6.4,-2.1
657,Petersianthus macrocarpus (P.Beauv.) Liben,6.666667,-2.166667
658,Petersianthus macrocarpus (P.Beauv.) Liben,5.333333,-4.133333
659,Petersianthus macrocarpus (P.Beauv.) Liben,5.416667,-4.066667
660,Petersianthus macrocarpus (P.Beauv.) Liben,4.833333,9.9
662,Petersianthus macrocarpus (P.Beauv.) Liben,5.066667,10.033333
666,Petersianthus macrocarpus (P.Beauv.) Liben,5.416667,-4.05
670,Combretodendron africanum (Welw. ex Benth. & Hook.f.) Exell,0.783333,25.216667
676,Petersianthus macrocarpus (P.Beauv.) Liben,6.672837,-1.667263
680,Petersianthus macrocarpus (P.Beauv.) Liben,5.666667,-4.083333
684,Combretodendron macrocarpum (P.Beauv.) Keay,6.166667,-4.933333
687,Petersianthus macrocarpus (P.Beauv.) Liben,7,-2.18
688,Petersianthus macrocarpus (P.Beauv.) Liben,7,-2.3
693,Combretodendron macrocarpum (P.Beauv.) Keay,5.385162,-4.052331
694,Combretodendron macrocarpum (P.Beauv.) Keay,5.620333,-7.357796
697,Petersianthus macrocarpus (P.Beauv.) Liben,4.58,13.68
699,Petersianthus macrocarpus (P.Beauv.) Liben,4.833333,13.433333
704,Combretodendron macrocarpum (P.Beauv.) Keay,6.683333,-8.783333
707,Petersianthus macrocarpus (P.Beauv.) Liben,3.466667,25.716667
713,Petersianthus macrocarpus (P.Beauv.) Liben,6.166667,-4.933333
715,Combretodendron macrocarpum (P.Beauv.) Keay,6.75,-8.866667
719,Petersianthus macrocarpus (P.Beauv.) Liben,3.86,11.51
720,Combretodendron macrocarpum (P.Beauv.) Keay,5.666667,-9.583333
722,Petersianthus macrocarpus (P.Beauv.) Liben,-5.133333,14.983333
728,Petersianthus macrocarpus (P.Beauv.) Liben,5.35,-6.05
730,Combretodendron macrocarpum (P.Beauv.) Keay,5.35,-6.05
740,Petersianthus macrocarpus (P.Beauv.) Liben,0,0
742,Petersianthus macrocarpus (P.Beauv.) Liben,5.383333,-4.166667
744,Petersianthus macrocarpus (P.Beauv.) Liben,-2.583333,28.083333
746,Petersianthus macrocarpus (P.Beauv.) Liben,-1.058333,17.183333
747,Petersianthus macrocarpus (P.Beauv.) Liben,0.766667,24.45
749,Petersianthus macrocarpus (P.Beauv.) Liben,-0.75,21.933333
751,Combretodendron africanum (Welw. ex Benth. & Hook.f.) Exell,5.347015,-3.983645
752,Petersianthus macrocarpus (P.Beauv.) Liben,-5.633333,13.066667
753,Petersianthus macrocarpus (P.Beauv.) Liben,5.325,-4.133333
754,Petersianthus macrocarpus (P.Beauv.) Liben,-2.25,18.316667
755,Petersianthus macrocarpus (P.Beauv.) Liben,-4.516667,21.133333
758,Combretodendron africanum (Welw. ex Benth. & Hook.f.) Exell,5.286337,-3.304025
764,Petersianthus macrocarpus (P.Beauv.) Liben,3.7,11.33
765,Petersianthus macrocarpus (P.Beauv.) Liben,-3.2,25.85
766,Petersianthus macrocarpus (P.Beauv.) Liben,-5.866667,23
775,Petersianthus macrocarpus (P.Beauv.) Liben,3.166667,19.8
776,Petersianthus macrocarpus (P.Beauv.) Liben,-5.316667,18.933333
786,Petersianthus macrocarpus (P.Beauv.) Liben,0.933333,24.5
789,Petersianthus macrocarpus (P.Beauv.) Liben,-2.5,18.266667
790,Combretodendron africanum (Welw. ex Benth. & Hook.f.) Exell,0,0
796,Petersianthus macrocarpus (P.Beauv.) Liben,7.233333,-8.983333
797,Petersianthus macrocarpus (P.Beauv.) Liben,-5.183333,15.3
799,Petersianthus macrocarpus (P.Beauv.) Liben,-5.233333,15.533333
807,Petersianthus macrocarpus (P.Beauv.) Liben,-3.183333,26.633333
810,Petersianthus macrocarpus (P.Beauv.) Liben,0.05,19.383333
811,Petersianthus macrocarpus (P.Beauv.) Liben,5.18,1.14
812,Petersianthus macrocarpus (P.Beauv.) Liben,5.3,-1.233333
823,Petersianthus macrocarpus (P.Beauv.) Liben,0.766667,24.466667
824,Petersianthus macrocarpus (P.Beauv.) Liben,0.766667,24.5
837,Petersianthus macrocarpus (P.Beauv.) Liben,0.05,18.316667
841,Petersianthus macrocarpus (P.Beauv.) Liben,3.65,11.316667
848,Petersianthus macrocarpus (P.Beauv.) Liben,3.533333,25.783333
854,Petersianthus macrocarpus (P.Beauv.) Liben,0.016667,18.233333
859,Petersianthus macrocarpus (P.Beauv.) Liben,2.5,27.616667
860,Petersianthus macrocarpus (P.Beauv.) Liben,-4.116667,19.616667
866,Petersianthus macrocarpus (P.Beauv.) Liben,-5.483333,13.05
881,Petersianthus macrocarpus (P.Beauv.) Liben,1.166667,22.083333
899,Petersianthus macrocarpus (P.Beauv.) Liben,2.666667,23.183333
903,Petersianthus macrocarpus (P.Beauv.) Liben,2.883333,22.383333
906,Petersianthus macrocarpus (P.Beauv.) Liben,2.866667,27.633333
911,Petersianthus macrocarpus (P.Beauv.) Liben,-0.9,22.816667
912,Petersianthus macrocarpus (P.Beauv.) Liben,1.35,24.333333
913,Petersianthus macrocarpus (P.Beauv.) Liben,2.833333,20.75
919,Petersianthus macrocarpus (P.Beauv.) Liben,6.666667,-0.75
921,Petersianthus macrocarpus (P.Beauv.) Liben,5.85,-0.183333
923,Petersianthus macrocarpus (P.Beauv.) Liben,-4.3,18.4
924,Petersianthus macrocarpus (P.Beauv.) Liben,-4.966667,23.266667
925,Petersianthus macrocarpus (P.Beauv.) Liben,6.166667,-0.55
959,Combretodendron africanum (Welw. ex Benth. & Hook.f.) Exell,7.71645,-8.3606
960,Combretodendron macrocarpum (P.Beauv.) Keay,7.71645,-8.3606
962,Petersianthus macrocarpus (P.Beauv.) Liben,-5.577477,13.200312
963,Petersianthus macrocarpus (P.Beauv.) Liben,-5.607556,13.126917
968,Petersianthus macrocarpus (P.Beauv.) Liben,-12.295286,17.544676
970,Petersianthus macrocarpus (P.Beauv.) Liben,-5.62125,13.103083
971,Petersianthus macrocarpus (P.Beauv.) Liben,-5.585225,13.157248
984,Petersianthus macrocarpus (P.Beauv.) Liben,-5.6325,-13.098056
989,Petersianthus macrocarpus (P.Beauv.) Liben,-5.611294,13.100377
1143,Petersianthus macrocarpus (P.Beauv.) Liben,-2.95,25.916667
1166,Petersianthus macrocarpus (P.Beauv.) Liben,-4.866667,12.866667
1190,Combretodendron africanum (Welw. ex Benth. & Hook.f.) Exell,8.34798,-9.29442
1191,Combretodendron africanum (Welw. ex Benth. & Hook.f.) Exell,8.34798,-9.29438