"","species","lat","long"
"1","Ricinodendron heudelotii (Baill.) Heckel",7.51896,4.526494
"2","Ricinodendron heudelotii (Baill.) Heckel",-2.007325,11.027783
"5","Ricinodendron heudelotii (Baill.) Heckel",-2.046884,11.103412
"8","Ricinodendron heudelotii (Baill.) Heckel",0.535633,12.819523
"10","Ricinodendron heudelotii (Baill.) Heckel",0.441288,12.313438
"12","Ricinodendron heudelotii (Baill.) Heckel",-1.81966,12.95024
"14","Ricinodendron heudelotii (Baill.) Heckel",7.691275,-5.037923
"15","Ricinodendron heudelotii (Baill.) Heckel",6.62857,-11.13875
"16","Ricinodendron heudelotii (Baill.) Heckel",6.63187,-11.14761
"19","Ricinodendron heudelotii (Baill.) Heckel",8.04216,-9.52663
"21","Ricinodendron heudelotii (Baill.) Heckel",7.112488,-7.659765
"22","Ricinodendron heudelotii (Baill.) Heckel",-0.25892,10.40954
"24","Ricinodendron heudelotii (Baill.) Heckel",6.92329,2.48459
"25","Ricinodendron heudelotii (Baill.) Heckel",6.92256,2.48417
"26","Ricinodendron heudelotii (Baill.) Heckel",6.92364,2.48373
"27","Ricinodendron heudelotii (Baill.) Heckel",6.92406,2.48438
"28","Ricinodendron heudelotii (Baill.) Heckel",6.924657,2.4831
"29","Ricinodendron heudelotii (Baill.) Heckel",6.923969,2.48254
"30","Ricinodendron heudelotii (Baill.) Heckel",6.925707,2.483542
"31","Ricinodendron heudelotii (Baill.) Heckel",6.926204,2.483488
"32","Ricinodendron heudelotii (Baill.) Heckel",6.927308,2.484029
"33","Ricinodendron heudelotii (Baill.) Heckel",6.928323,2.485875
"34","Ricinodendron heudelotii (Baill.) Heckel",6.928957,2.486291
"35","Ricinodendron heudelotii (Baill.) Heckel",6.927438,2.487098
"36","Ricinodendron heudelotii (Baill.) Heckel",6.927376,2.487967
"37","Ricinodendron heudelotii (Baill.) Heckel",6.927584,2.488256
"38","Ricinodendron heudelotii (Baill.) Heckel",6.857235,2.462528
"39","Ricinodendron heudelotii (Baill.) Heckel",6.857923,2.462971
"40","Ricinodendron heudelotii (Baill.) Heckel",6.858538,2.462898
"41","Ricinodendron heudelotii (Baill.) Heckel",6.858365,2.46212
"42","Ricinodendron heudelotii (Baill.) Heckel",6.858971,2.461567
"43","Ricinodendron heudelotii (Baill.) Heckel",6.857903,2.461143
"44","Ricinodendron heudelotii (Baill.) Heckel",5.440477,8.374572
"45","Ricinodendron heudelotii (Baill.) Heckel",7.4,-7.166667
"46","Ricinodendron heudelotii (Baill.) Heckel",6.40248,-4.56431
"47","Ricinodendron heudelotii (Baill.) Heckel",9.31523,1.74152
"48","Ricinodendron heudelotii (Baill.) Heckel",9.31479,1.74158
"49","Ricinodendron heudelotii (Baill.) Heckel",9.35521,1.87397
"50","Ricinodendron heudelotii (Baill.) Heckel",9.31489,1.74119
"51","Ricinodendron heudelotii (Baill.) Heckel",9.32433,1.7413
"52","Ricinodendron heudelotii (Baill.) Heckel",9.34207,1.74132
"53","Ricinodendron heudelotii (Baill.) Heckel",9.31492,1.74154
"54","Ricinodendron heudelotii (Baill.) Heckel",9.31454,1.74155
"55","Ricinodendron heudelotii (Baill.) Heckel",9.33306,1.74161
"56","Ricinodendron heudelotii (Baill.) Heckel",9.30675,1.74167
"57","Ricinodendron heudelotii (Baill.) Heckel",9.32311,1.75101
"58","Ricinodendron heudelotii (Baill.) Heckel",9.35662,1.87477
"59","Ricinodendron heudelotii (Baill.) Heckel",9.35643,1.87541
"60","Ricinodendron heudelotii (Baill.) Heckel",9.37334,1.8838
"61","Ricinodendron heudelotii (Baill.) Heckel",9.37353,1.88397
"62","Ricinodendron heudelotii (Baill.) Heckel",9.37327,1.88426
"63","Ricinodendron heudelotii (Baill.) Heckel",9.36504,1.88456
"64","Ricinodendron heudelotii (Baill.) Heckel",9.36517,1.8846
"65","Ricinodendron heudelotii (Baill.) Heckel",9.36512,1.88477
"66","Ricinodendron heudelotii (Baill.) Heckel",4.809953,8.525131
"67","Ricinodendron heudelotii (Baill.) Heckel",9.32438,1.74116
"68","Ricinodendron heudelotii (Baill.) Heckel",9.34254,1.74116
"69","Ricinodendron heudelotii (Baill.) Heckel",9.3149,1.74155
"70","Ricinodendron heudelotii (Baill.) Heckel",9.31438,1.74175
"71","Ricinodendron heudelotii (Baill.) Heckel",9.31552,1.74193
"72","Ricinodendron heudelotii (Baill.) Heckel",9.35616,1.87496
"73","Ricinodendron heudelotii (Baill.) Heckel",9.36511,1.88424
"74","Ricinodendron heudelotii (Baill.) Heckel",9.36485,1.88438
"75","Ricinodendron heudelotii (Baill.) Heckel",9.35574,1.90237
"76","Ricinodendron heudelotii (Baill.) Heckel",4.84911,8.44922
"77","Ricinodendron heudelotii (Baill.) Heckel",4.881437,8.493938
"78","Ricinodendron heudelotii (Baill.) Heckel",4.960195,8.386564
"79","Ricinodendron heudelotii (Baill.) Heckel",4.985292,8.39725
"80","Ricinodendron heudelotii (Baill.) Heckel",9.3155,1.74087
"81","Ricinodendron heudelotii (Baill.) Heckel",9.3327,1.74106
"82","Ricinodendron heudelotii (Baill.) Heckel",9.31471,1.74119
"83","Ricinodendron heudelotii (Baill.) Heckel",9.31478,1.74134
"84","Ricinodendron heudelotii (Baill.) Heckel",9.34166,1.742
"85","Ricinodendron heudelotii (Baill.) Heckel",9.30626,1.74205
"86","Ricinodendron heudelotii (Baill.) Heckel",9.35629,1.87466
"87","Ricinodendron heudelotii (Baill.) Heckel",9.35643,1.87542
"88","Ricinodendron heudelotii (Baill.) Heckel",9.37307,1.88351
"89","Ricinodendron heudelotii (Baill.) Heckel",5.020028,8.442311
"90","Ricinodendron heudelotii (Baill.) Heckel",9.31417,1.74175
"91","Ricinodendron heudelotii (Baill.) Heckel",9.32345,1.7506
"92","Ricinodendron heudelotii (Baill.) Heckel",9.32401,1.75091
"93","Ricinodendron heudelotii (Baill.) Heckel",9.35667,1.87469
"94","Ricinodendron heudelotii (Baill.) Heckel",9.37321,1.88348
"95","Ricinodendron heudelotii (Baill.) Heckel",9.36528,1.88432
"96","Ricinodendron heudelotii (Baill.) Heckel",5.18987,-3.34129
"97","Ricinodendron heudelotii (Baill.) Heckel",9.31418,1.74135
"98","Ricinodendron heudelotii (Baill.) Heckel",8.14101,-9.9948
"100","Ricinodendron heudelotii (Baill.) Heckel",6.362581,-4.898719
"101","Ricinodendron heudelotii (Baill.) Heckel",6.648451,-4.204244
"103","Ricinodendron heudelotii (Baill.) Heckel",6.70833,-4.70449
"104","Ricinodendron heudelotii (Baill.) Heckel",6.505369,-5.275552
"107","Ricinodendron heudelotii (Baill.) Heckel",6.656772,-4.725196
"108","Ricinodendron heudelotii (Baill.) Heckel",9.239119,1.193681
"109","Ricinodendron heudelotii subsp. heudelotii",5.075,9.724
"110","Ricinodendron heudelotii subsp. heudelotii",5.077,9.72
"111","Ricinodendron heudelotii (Baill.) Heckel",5.36065,-3.91562
"112","Ricinodendron heudelotii subsp. heudelotii",4.928,9.999
"127","Ricinodendron heudelotii subsp. heudelotii",4.927,10
"129","Ricinodendron heudelotii (Baill.) Heckel",6.63,2.4032
"130","Ricinodendron heudelotii (Baill.) Heckel",6.63,2.4578
"131","Ricinodendron heudelotii subsp. heudelotii",4.981,8.957
"132","Ricinodendron heudelotii subsp. heudelotii",4.98,8.957
"133","Ricinodendron heudelotii (Baill.) Heckel",6.964424,2.667843
"134","Ricinodendron heudelotii (Baill.) Heckel",6.964207,2.667853
"135","Ricinodendron heudelotii (Baill.) Heckel",6.964979,2.671636
"136","Ricinodendron heudelotii (Baill.) Heckel",6.964789,2.671953
"137","Ricinodendron heudelotii (Baill.) Heckel",6.965287,2.67265
"138","Ricinodendron heudelotii (Baill.) Heckel",7.456136,2.586582
"139","Ricinodendron heudelotii (Baill.) Heckel",7.45554,2.5871
"140","Ricinodendron heudelotii (Baill.) Heckel",6.964596,2.667364
"141","Ricinodendron heudelotii (Baill.) Heckel",6.963746,2.667862
"142","Ricinodendron heudelotii (Baill.) Heckel",6.963828,2.66893
"143","Ricinodendron heudelotii (Baill.) Heckel",6.964598,2.669763
"144","Ricinodendron heudelotii (Baill.) Heckel",6.964553,2.670052
"145","Ricinodendron heudelotii (Baill.) Heckel",6.964925,2.672053
"146","Ricinodendron heudelotii (Baill.) Heckel",6.964735,2.672089
"147","Ricinodendron heudelotii (Baill.) Heckel",6.966146,2.672333
"148","Ricinodendron heudelotii (Baill.) Heckel",6.966173,2.672477
"149","Ricinodendron heudelotii (Baill.) Heckel",6.965441,2.672577
"150","Ricinodendron heudelotii (Baill.) Heckel",6.965513,2.672822
"151","Ricinodendron heudelotii (Baill.) Heckel",6.965423,2.672822
"152","Ricinodendron heudelotii (Baill.) Heckel",6.965577,2.672903
"153","Ricinodendron heudelotii (Baill.) Heckel",6.965668,2.673682
"154","Ricinodendron heudelotii (Baill.) Heckel",6.961391,2.676582
"155","Ricinodendron heudelotii (Baill.) Heckel",7.46221,2.581348
"156","Ricinodendron heudelotii (Baill.) Heckel",7.455756,2.586075
"157","Ricinodendron heudelotii (Baill.) Heckel",7.455521,2.586646
"158","Ricinodendron heudelotii (Baill.) Heckel",7.455992,2.586873
"159","Ricinodendron heudelotii (Baill.) Heckel",7.455712,2.587099
"160","Ricinodendron heudelotii (Baill.) Heckel",6.964217,2.668405
"161","Ricinodendron heudelotii (Baill.) Heckel",6.963611,2.668614
"162","Ricinodendron heudelotii (Baill.) Heckel",6.963683,2.669039
"163","Ricinodendron heudelotii (Baill.) Heckel",7.455639,2.586565
"164","Ricinodendron heudelotii (Baill.) Heckel",6.96413,2.674172
"165","Ricinodendron heudelotii (Baill.) Heckel",6.964972,2.674533
"166","Ricinodendron heudelotii (Baill.) Heckel",6.964221,2.674552
"167","Ricinodendron heudelotii (Baill.) Heckel",-7.743651,36.850891
"168","Ricinodendron heudelotii subsp. heudelotii",6.795,10.1
"172","Ricinodendron heudelotii subsp. heudelotii",6.793,10.102
"185","Ricinodendron heudelotii subsp. heudelotii",6.793,10.108
"212","Ricinodendron heudelotii (Baill.) Heckel",-2.356,11.2104
"213","Ricinodendron heudelotii (Baill.) Heckel",-2.3576,11.20708
"214","Ricinodendron heudelotii (Baill.) Heckel",-2.275,11.238
"215","Ricinodendron heudelotii (Baill.) Heckel",-2.31943,11.2255
"216","Ricinodendron heudelotii (Baill.) Heckel",-2.351,11.20427
"217","Ricinodendron heudelotii (Baill.) Heckel",-2.296,11.24
"218","Ricinodendron heudelotii (Baill.) Heckel",-2.044,11.1984
"219","Ricinodendron heudelotii (Baill.) Heckel",-2.22602,11.17045
"220","Ricinodendron heudelotii (Baill.) Heckel",-2.22437,11.17278
"221","Ricinodendron heudelotii (Baill.) Heckel",-2.18705,11.23304
"222","Ricinodendron heudelotii (Baill.) Heckel",-2.49441,11.2527
"223","Ricinodendron heudelotii (Baill.) Heckel",-2.51636,11.27142
"224","Ricinodendron heudelotii (Baill.) Heckel",-2.43467,11.24919
"225","Ricinodendron heudelotii (Baill.) Heckel",-2.44304,11.27332
"226","Ricinodendron heudelotii (Baill.) Heckel",-2.27709,11.254
"227","Ricinodendron heudelotii (Baill.) Heckel",-2.324,11.3037
"228","Ricinodendron heudelotii (Baill.) Heckel",-2.26082,11.15489
"229","Ricinodendron heudelotii (Baill.) Heckel",-2.3333,11.28383
"230","Ricinodendron heudelotii (Baill.) Heckel",-2.33957,11.27929
"231","Ricinodendron heudelotii subsp. heudelotii",6.795,10.115
"232","Ricinodendron heudelotii (Baill.) Heckel",-6.21556,15.44389
"234","Ricinodendron heudelotii (Baill.) Heckel",-9.25278,14.77667
"235","Ricinodendron heudelotii (Baill.) Heckel",7.083333,4.5
"236","Ricinodendron heudelotii (Baill.) Heckel",7.088227,4.496029
"237","Ricinodendron heudelotii (Baill.) Heckel",7.090226,4.494142
"238","Ricinodendron heudelotii subsp. africanum (Müll.Arg.) J.Léonard",-7.61667,14.96667
"241","Ricinodendron heudelotii (Baill.) Heckel",7.861191,2.474635
"242","Ricinodendron heudelotii (Baill.) Heckel",7.862059,2.473947
"243","Ricinodendron heudelotii (Baill.) Heckel",7.861287,2.470462
"244","Ricinodendron heudelotii (Baill.) Heckel",7.865197,2.472741
"245","Ricinodendron heudelotii (Baill.) Heckel",7.864961,2.471654
"246","Ricinodendron heudelotii (Baill.) Heckel",7.864726,2.472017
"247","Ricinodendron heudelotii (Baill.) Heckel",7.864126,2.467934
"248","Ricinodendron heudelotii (Baill.) Heckel",7.864343,2.467925
"249","Ricinodendron heudelotii (Baill.) Heckel",8.354888,2.38633
"250","Ricinodendron heudelotii (Baill.) Heckel",8.354381,2.38662
"251","Ricinodendron heudelotii (Baill.) Heckel",8.355168,2.386466
"252","Ricinodendron heudelotii (Baill.) Heckel",7.864943,2.472306
"253","Ricinodendron heudelotii (Baill.) Heckel",7.861016,2.471023
"254","Ricinodendron heudelotii (Baill.) Heckel",7.864925,2.472125
"255","Ricinodendron heudelotii (Baill.) Heckel",7.865214,2.472261
"256","Ricinodendron heudelotii (Baill.) Heckel",7.862977,2.46837
"257","Ricinodendron heudelotii (Baill.) Heckel",7.863737,2.467772
"258","Ricinodendron heudelotii (Baill.) Heckel",7.863484,2.467889
"259","Ricinodendron heudelotii (Baill.) Heckel",8.355531,2.387109
"260","Ricinodendron heudelotii (Baill.) Heckel",8.35554,2.387181
"261","Ricinodendron heudelotii (Baill.) Heckel",7.861391,2.476582
"262","Ricinodendron heudelotii (Baill.) Heckel",7.86565,2.4737
"263","Ricinodendron heudelotii (Baill.) Heckel",7.865016,2.47323
"264","Ricinodendron heudelotii (Baill.) Heckel",7.865513,2.472967
"265","Ricinodendron heudelotii (Baill.) Heckel",7.865441,2.472894
"266","Ricinodendron heudelotii (Baill.) Heckel",7.862068,2.474807
"267","Ricinodendron heudelotii (Baill.) Heckel",7.861073,2.474889
"268","Ricinodendron heudelotii (Baill.) Heckel",7.862447,2.472571
"269","Ricinodendron heudelotii (Baill.) Heckel",7.862193,2.471774
"270","Ricinodendron heudelotii (Baill.) Heckel",7.861939,2.471702
"271","Ricinodendron heudelotii (Baill.) Heckel",7.861839,1.909106
"272","Ricinodendron heudelotii (Baill.) Heckel",7.862147,2.470887
"273","Ricinodendron heudelotii (Baill.) Heckel",7.862265,2.471566
"274","Ricinodendron heudelotii (Baill.) Heckel",7.862509,2.471738
"275","Ricinodendron heudelotii (Baill.) Heckel",7.866228,2.47255
"276","Ricinodendron heudelotii (Baill.) Heckel",7.865595,2.473003
"277","Ricinodendron heudelotii (Baill.) Heckel",7.865811,2.563153
"278","Ricinodendron heudelotii (Baill.) Heckel",7.86611,2.472369
"279","Ricinodendron heudelotii (Baill.) Heckel",7.86611,2.472541
"280","Ricinodendron heudelotii (Baill.) Heckel",7.865359,2.472659
"281","Ricinodendron heudelotii (Baill.) Heckel",7.86488,2.472098
"282","Ricinodendron heudelotii (Baill.) Heckel",7.864672,2.472153
"283","Ricinodendron heudelotii (Baill.) Heckel",7.864579,2.469781
"284","Ricinodendron heudelotii (Baill.) Heckel",7.864471,2.470134
"285","Ricinodendron heudelotii (Baill.) Heckel",7.863828,2.46893
"286","Ricinodendron heudelotii (Baill.) Heckel",7.863692,2.467916
"287","Ricinodendron heudelotii (Baill.) Heckel",7.86456,2.4674
"288","Ricinodendron heudelotii (Baill.) Heckel",8.361812,2.381022
"289","Ricinodendron heudelotii (Baill.) Heckel",8.354761,2.385795
"290","Ricinodendron heudelotii (Baill.) Heckel",8.354761,2.385977
"291","Ricinodendron heudelotii (Baill.) Heckel",7.86318,2.474209
"292","Ricinodendron heudelotii (Baill.) Heckel",7.864681,2.472515
"293","Ricinodendron heudelotii (Baill.) Heckel",7.860784,2.474781
"294","Ricinodendron heudelotii (Baill.) Heckel",7.864536,2.471664
"295","Ricinodendron heudelotii (Baill.) Heckel",7.863991,2.469609
"296","Ricinodendron heudelotii (Baill.) Heckel",7.863755,2.467382
"297","Ricinodendron heudelotii (Baill.) Heckel",6.9043,2.5678
"298","Ricinodendron heudelotii (Baill.) Heckel",0.795944,24.494297
"300","Ricinodendron heudelotii (Baill.) Heckel",6.904343,2.567846
"301","Ricinodendron heudelotii (Baill.) Heckel",8.362201,2.381357
"302","Ricinodendron heudelotii (Baill.) Heckel",8.355557,2.386275
"303","Ricinodendron heudelotii (Baill.) Heckel",8.355874,2.386991
"304","Ricinodendron heudelotii (Baill.) Heckel",8.355666,2.387145
"305","Ricinodendron heudelotii (Baill.) Heckel",8.355494,2.386674
"306","Ricinodendron heudelotii (Baill.) Heckel",7.863602,2.468623
"307","Ricinodendron heudelotii (Baill.) Heckel",7.864199,2.468423
"308","Ricinodendron heudelotii (Baill.) Heckel",7.863647,2.469075
"309","Ricinodendron heudelotii (Baill.) Heckel",8.355096,2.386312
"310","Ricinodendron heudelotii (Baill.) Heckel",7.859808,2.476067
"311","Ricinodendron heudelotii (Baill.) Heckel",7.864102,2.473212
"312","Ricinodendron heudelotii (Baill.) Heckel",7.863994,2.474
"313","Ricinodendron heudelotii (Baill.) Heckel",7.862692,2.473602
"314","Ricinodendron heudelotii (Baill.) Heckel",7.864916,2.472415
"315","Ricinodendron heudelotii (Baill.) Heckel",7.861741,2.471838
"316","Ricinodendron heudelotii (Baill.) Heckel",7.861261,2.471295
"317","Ricinodendron heudelotii (Baill.) Heckel",7.861387,2.470806
"318","Ricinodendron heudelotii (Baill.) Heckel",7.86164,2.471059
"319","Ricinodendron heudelotii (Baill.) Heckel",7.864662,2.471854
"320","Ricinodendron heudelotii (Baill.) Heckel",7.865169,2.472252
"321","Ricinodendron heudelotii (Baill.) Heckel",7.864391,2.471573
"322","Ricinodendron heudelotii (Baill.) Heckel",7.863682,2.467654
"323","Ricinodendron heudelotii (Baill.) Heckel",7.863899,2.467473
"324","Ricinodendron heudelotii (Baill.) Heckel",0.792102,24.497166
"326","Ricinodendron heudelotii (Baill.) Heckel",7.371712,4.186862
"327","Ricinodendron heudelotii (Baill.) Heckel",8.355603,2.386601
"328","Ricinodendron heudelotii (Baill.) Heckel",7.864899,2.474606
"329","Ricinodendron heudelotii (Baill.) Heckel",7.864094,2.474208
"330","Ricinodendron heudelotii (Baill.) Heckel",7.864122,2.474652
"331","Ricinodendron heudelotii (Baill.) Heckel",8.35449,2.386611
"332","Ricinodendron heudelotii (Baill.) Heckel",7.864744,2.47285
"333","Ricinodendron heudelotii (Baill.) Heckel",7.864988,2.562637
"334","Ricinodendron heudelotii (Baill.) Heckel",7.864789,2.471836
"335","Ricinodendron heudelotii (Baill.) Heckel",7.864182,2.471139
"336","Ricinodendron heudelotii (Baill.) Heckel",7.864273,2.471682
"337","Ricinodendron heudelotii (Baill.) Heckel",7.863828,2.469148
"338","Ricinodendron heudelotii (Baill.) Heckel",7.862905,2.468315
"339","Ricinodendron heudelotii (Baill.) Heckel",7.86305,2.468433
"340","Ricinodendron heudelotii (Baill.) Heckel",8.8333,1.65
"341","Ricinodendron heudelotii (Baill.) Heckel",6.9666,2.6833
"342","Ricinodendron heudelotii (Baill.) Heckel",6.903,2.5677
"343","Ricinodendron heudelotii (Baill.) Heckel",6.902995,2.567711
"347","Ricinodendron heudelotii (Baill.) Heckel",5.34885,-3.98601
"348","Ricinodendron heudelotii subsp. africanum (Müll.Arg.) J.Léonard",-2.182222,18.288333
"350","Ricinodendron heudelotii (Baill.) Heckel",5.8544,-0.178
"351","Ricinodendron heudelotii (Baill.) Heckel",0.417778,9.34
"352","Ricinodendron heudelotii (Baill.) Heckel",6.89754,2.49082
"353","Ricinodendron heudelotii (Baill.) Heckel",6.89789,2.49157
"354","Ricinodendron heudelotii (Baill.) Heckel",6.89811,2.48943
"355","Ricinodendron heudelotii (Baill.) Heckel",6.89826,2.49031
"356","Ricinodendron heudelotii (Baill.) Heckel",6.89867,2.49112
"357","Ricinodendron heudelotii (Baill.) Heckel",-1.4561,13.2243
"358","Ricinodendron heudelotii (Baill.) Heckel",6.89898,2.49187
"359","Ricinodendron heudelotii (Baill.) Heckel",6.89942,2.49061
"360","Ricinodendron heudelotii (Baill.) Heckel",6.9645,2.676017
"361","Ricinodendron heudelotii (Baill.) Heckel",6.962633,2.67185
"362","Ricinodendron heudelotii (Baill.) Heckel",6.962283,2.671067
"363","Ricinodendron heudelotii (Baill.) Heckel",6.9653,2.67375
"364","Ricinodendron heudelotii (Baill.) Heckel",6.9649,2.672917
"365","Ricinodendron heudelotii (Baill.) Heckel",6.964517,2.672183
"366","Ricinodendron heudelotii (Baill.) Heckel",6.96415,2.67135
"367","Ricinodendron heudelotii (Baill.) Heckel",6.9638,2.670583
"368","Ricinodendron heudelotii (Baill.) Heckel",6.963433,2.669683
"369","Ricinodendron heudelotii (Baill.) Heckel",6.96275,2.668033
"370","Ricinodendron heudelotii (Baill.) Heckel",6.966017,2.67125
"371","Ricinodendron heudelotii (Baill.) Heckel",6.965633,2.670417
"372","Ricinodendron heudelotii (Baill.) Heckel",6.965267,2.669633
"373","Ricinodendron heudelotii (Baill.) Heckel",6.964567,2.668
"374","Ricinodendron heudelotii (Baill.) Heckel",6.964217,2.667167
"375","Ricinodendron heudelotii (Baill.) Heckel",6.963883,2.666317
"376","Ricinodendron heudelotii (Baill.) Heckel",6.963567,2.66545
"377","Ricinodendron heudelotii (Baill.) Heckel",6.967017,2.6691
"378","Ricinodendron heudelotii (Baill.) Heckel",6.9637,2.674233
"379","Ricinodendron heudelotii (Baill.) Heckel",6.98865,2.62563
"380","Ricinodendron heudelotii (Baill.) Heckel",6.98921,2.62401
"381","Ricinodendron heudelotii (Baill.) Heckel",6.9895,2.62487
"382","Ricinodendron heudelotii (Baill.) Heckel",6.98977,2.62569
"383","Ricinodendron heudelotii (Baill.) Heckel",6.99032,2.6245
"384","Ricinodendron heudelotii (Baill.) Heckel",6.99057,2.6254
"385","Ricinodendron heudelotii (Baill.) Heckel",6.99058,2.6283
"386","Ricinodendron heudelotii (Baill.) Heckel",6.99134,2.62497
"387","Ricinodendron heudelotii (Baill.) Heckel",6.99165,2.62581
"388","Ricinodendron heudelotii (Baill.) Heckel",6.99197,2.62665
"389","Ricinodendron heudelotii (Baill.) Heckel",6.89898,2.48983
"390","Ricinodendron heudelotii (Baill.) Heckel",0.62356,9.67505
"392","Ricinodendron heudelotii (Baill.) Heckel",0.789403,24.517549
"393","Ricinodendron heudelotii (Baill.) Heckel",0.794881,24.491928
"394","Ricinodendron heudelotii (Baill.) Heckel",0.795914,24.494231
"395","Ricinodendron heudelotii (Baill.) Heckel",0.793108,24.490133
"396","Ricinodendron heudelotii (Baill.) Heckel",0.792103,24.497167
"397","Ricinodendron heudelotii (Baill.) Heckel",0.7805,24.521094
"398","Ricinodendron heudelotii (Baill.) Heckel",0.786618,24.523486
"399","Ricinodendron heudelotii (Baill.) Heckel",-1.58724,13.2769
"400","Ricinodendron heudelotii (Baill.) Heckel",-1.60257,13.25778
"401","Ricinodendron heudelotii (Baill.) Heckel",-1.6107,13.2704
"402","Ricinodendron heudelotii (Baill.) Heckel",-1.6836,13.25807
"403","Ricinodendron heudelotii (Baill.) Heckel",0.794891,24.491924
"405","Ricinodendron heudelotii (Baill.) Heckel",0.587999,24.934888
"406","Ricinodendron heudelotii (Baill.) Heckel",7.69861,4.63834
"407","Ricinodendron heudelotii (Baill.) Heckel",7.6982,4.63692
"408","Ricinodendron heudelotii (Baill.) Heckel",7.69847,4.63744
"409","Ricinodendron heudelotii (Baill.) Heckel",7.69781,4.63323
"410","Ricinodendron heudelotii (Baill.) Heckel",7.69772,4.63276
"411","Ricinodendron heudelotii (Baill.) Heckel",2.20559,16.31201
"412","Ricinodendron heudelotii (Baill.) Heckel",7.69379,4.64279
"413","Ricinodendron heudelotii (Baill.) Heckel",7.69862,4.63972
"414","Ricinodendron heudelotii (Baill.) Heckel",7.69897,4.63814
"415","Ricinodendron heudelotii (Baill.) Heckel",7.69915,4.63847
"416","Ricinodendron heudelotii (Baill.) Heckel",7.69873,4.63872
"417","Ricinodendron heudelotii (Baill.) Heckel",7.69471,4.64066
"418","Ricinodendron heudelotii (Baill.) Heckel",7.69434,4.64084
"419","Ricinodendron heudelotii (Baill.) Heckel",7.69537,4.63756
"420","Ricinodendron heudelotii (Baill.) Heckel",7.69501,4.63713
"421","Ricinodendron heudelotii (Baill.) Heckel",7.69513,4.63722
"422","Ricinodendron heudelotii (Baill.) Heckel",7.69598,4.64015
"423","Ricinodendron heudelotii (Baill.) Heckel",7.69524,4.63641
"424","Ricinodendron heudelotii (Baill.) Heckel",7.69546,4.63691
"425","Ricinodendron heudelotii (Baill.) Heckel",7.69546,4.63694
"426","Ricinodendron heudelotii (Baill.) Heckel",7.6992,4.63819
"427","Ricinodendron heudelotii (Baill.) Heckel",7.69917,4.63815
"428","Ricinodendron heudelotii (Baill.) Heckel",7.69918,4.73814
"429","Ricinodendron heudelotii (Baill.) Heckel",7.69924,4.63806
"430","Ricinodendron heudelotii (Baill.) Heckel",7.69923,4.63805
"431","Ricinodendron heudelotii (Baill.) Heckel",7.69919,4.63805
"432","Ricinodendron heudelotii (Baill.) Heckel",7.69857,4.63748
"433","Ricinodendron heudelotii (Baill.) Heckel",7.69844,4.63766
"434","Ricinodendron heudelotii (Baill.) Heckel",7.69793,4.63517
"435","Ricinodendron heudelotii (Baill.) Heckel",7.69795,4.63486
"436","Ricinodendron heudelotii (Baill.) Heckel",7.69711,4.63414
"437","Ricinodendron heudelotii (Baill.) Heckel",7.69735,4.63325
"438","Ricinodendron heudelotii (Baill.) Heckel",7.69776,4.63274
"439","Ricinodendron heudelotii (Baill.) Heckel",8.24073,4.54456
"440","Ricinodendron heudelotii (Baill.) Heckel",8.24085,4.54358
"441","Ricinodendron heudelotii (Baill.) Heckel",8.504444,1.845
"442","Ricinodendron heudelotii (Baill.) Heckel",8.506944,1.8475
"443","Ricinodendron heudelotii (Baill.) Heckel",7.69714,4.63415
"444","Ricinodendron heudelotii (Baill.) Heckel",7.69777,4.63326
"445","Ricinodendron heudelotii (Baill.) Heckel",7.69709,4.63407
"446","Ricinodendron heudelotii (Baill.) Heckel",8.24847,4.53794
"447","Ricinodendron heudelotii (Baill.) Heckel",8.24094,4.54347
"449","Ricinodendron heudelotii (Baill.) Heckel",8.24088,4.5437
"450","Ricinodendron heudelotii (Baill.) Heckel",8.24015,4.54388
"451","Ricinodendron heudelotii (Baill.) Heckel",7.69784,4.63993
"452","Ricinodendron heudelotii (Baill.) Heckel",7.69701,4.64019
"453","Ricinodendron heudelotii (Baill.) Heckel",7.69712,4.64022
"454","Ricinodendron heudelotii (Baill.) Heckel",8.24082,4.5438
"455","Ricinodendron heudelotii (Baill.) Heckel",7.715278,-8.364722
"456","Ricinodendron heudelotii (Baill.) Heckel",-1.94339,10.98807
"457","Ricinodendron heudelotii (Baill.) Heckel",-2.03476,11.09486
"458","Ricinodendron heudelotii (Baill.) Heckel",-2.03632,11.09577
"459","Ricinodendron heudelotii (Baill.) Heckel",-2.10618,11.08642
"460","Ricinodendron heudelotii (Baill.) Heckel",-2.0814,11.09093
"461","Ricinodendron heudelotii (Baill.) Heckel",-2.092,11.07788
"462","Ricinodendron heudelotii (Baill.) Heckel",-1.77486,10.98109
"463","Ricinodendron heudelotii (Baill.) Heckel",-1.81514,10.98083
"464","Ricinodendron heudelotii (Baill.) Heckel",-1.8139,10.9839
"465","Ricinodendron heudelotii (Baill.) Heckel",-1.81131,10.99235
"466","Ricinodendron heudelotii subsp. africanum (Müll.Arg.) J.Léonard",-5.056111,15.140944
"467","Ricinodendron heudelotii (Baill.) Heckel",6.683,-4.15
"469","Ricinodendron heudelotii (Baill.) Heckel",0.290555,25.288888
"470","Ricinodendron heudelotii (Baill.) Heckel",-3.096972,10.887639
"471","Ricinodendron heudelotii (Baill.) Heckel",-3.084667,10.883833
"473","Ricinodendron heudelotii (Baill.) Heckel",-3.096667,10.888333
"476","Ricinodendron heudelotii subsp. africanum (Müll.Arg.) J.Léonard",4.923055,8.956944
"477","Ricinodendron heudelotii subsp. africanum (Müll.Arg.) J.Léonard",4.923056,8.906944
"478","Ricinodendron heudelotii subsp. africanum (Müll.Arg.) J.Léonard",-4.007666,27.553
"479","Ricinodendron africanum Müll.Arg.",9.286169,1.499084
"480","Ricinodendron africanum Müll.Arg.",9.245727,1.542395
"481","Ricinodendron africanum Müll.Arg.",9.312646,1.51729
"482","Ricinodendron africanum Müll.Arg.",9.316218,1.563279
"483","Ricinodendron africanum Müll.Arg.",9.315356,1.527246
"484","Ricinodendron africanum Müll.Arg.",9.353977,1.673502
"485","Ricinodendron heudelotii (Baill.) Heckel",8.504722,-8.9075
"487","Ricinodendron africanum Müll.Arg.",9.261272,1.585955
"488","Ricinodendron africanum Müll.Arg.",9.353977,1.545957
"489","Ricinodendron africanum Müll.Arg.",9.25,1.55
"490","Ricinodendron africanum Müll.Arg.",9.279823,1.592392
"491","Ricinodendron africanum Müll.Arg.",9.25,1.5166
"492","Ricinodendron heudelotii (Baill.) Heckel",0.416969,9.490583
"495","Ricinodendron heudelotii (Baill.) Heckel",0.417833,9.490049
"496","Ricinodendron heudelotii (Baill.) Heckel",4.46,10.456667
"500","Ricinodendron heudelotii (Baill.) Heckel",7.7245,-8.406333
"501","Ricinodendron heudelotii (Baill.) Heckel",7.723333,-8.405
"507","Ricinodendron heudelotii (Baill.) Heckel",8.3333,2.5833
"508","Ricinodendron heudelotii var. tomentellum (Hutch. & E.A.Bruce) Radcl.-Sm.",-7.02472,37.80888
"509","Ricinodendron heudelotii (Baill.) Heckel",6.99761,2.63104
"510","Ricinodendron heudelotii (Baill.) Heckel",6.96421,2.7096
"511","Ricinodendron heudelotii (Baill.) Heckel",7.03019,2.7005
"514","Ricinodendron heudelotii (Baill.) Heckel",7.08674,2.6295
"517","Ricinodendron heudelotii (Baill.) Heckel",7.00189,2.63982
"519","Ricinodendron heudelotii (Baill.) Heckel",7.00216,2.63755
"520","Ricinodendron heudelotii (Baill.) Heckel",7.0331,2.74259
"521","Ricinodendron heudelotii (Baill.) Heckel",7.00143,2.641797
"522","Ricinodendron heudelotii (Baill.) Heckel",6.991635,2.631782
"523","Ricinodendron heudelotii (Baill.) Heckel",7.001915,2.637533
"524","Ricinodendron heudelotii (Baill.) Heckel",6.997854,2.638178
"525","Ricinodendron heudelotii (Baill.) Heckel",6.992967,2.634869
"526","Ricinodendron heudelotii (Baill.) Heckel",5.65,-8.166667
"530","Ricinodendron heudelotii (Baill.) Heckel",8.549167,-8.899167
"531","Ricinodendron heudelotii subsp. africanum (Müll.Arg.) J.Léonard",-8.784167,36.716667
"536","Ricinodendron heudelotii subsp. africanum (Müll.Arg.) J.Léonard",3.63,11.58
"537","Ricinodendron heudelotii subsp. africanum (Müll.Arg.) J.Léonard",3.62,11.57
"538","Ricinodendron heudelotii (Baill.) Heckel",3.616667,11.583333
"539","Ricinodendron heudelotii (Baill.) Heckel",3.616667,11.566667
"540","Ricinodendron heudelotii (Baill.) Heckel",5.229636,-4.872424
"541","Ricinodendron heudelotii (Baill.) Heckel",9.35647,1.86574
"542","Ricinodendron heudelotii (Baill.) Heckel",5.533,-2.617
"543","Ricinodendron heudelotii (Baill.) Heckel",5.2,-2.4
"544","Ricinodendron heudelotii (Baill.) Heckel",6.617,-2.85
"545","Ricinodendron heudelotii (Baill.) Heckel",8.561087,2.239209
"546","Ricinodendron heudelotii (Baill.) Heckel",8.310456,2.335339
"547","Ricinodendron heudelotii (Baill.) Heckel",8.630338,2.512495
"548","Ricinodendron heudelotii (Baill.) Heckel",8.258816,2.530347
"549","Ricinodendron heudelotii (Baill.) Heckel",8.5,1.7333
"550","Ricinodendron heudelotii (Baill.) Heckel",8.51333,1.73667
"551","Ricinodendron heudelotii (Baill.) Heckel",8.511019,2.198311
"552","Ricinodendron heudelotii (Baill.) Heckel",8.491032,2.141204
"553","Ricinodendron heudelotii (Baill.) Heckel",8.824751,2.15763
"554","Ricinodendron heudelotii (Baill.) Heckel",8.988357,1.640672
"555","Ricinodendron heudelotii (Baill.) Heckel",8.950213,1.643705
"556","Ricinodendron heudelotii (Baill.) Heckel",11.6378,-15.1142
"557","Ricinodendron heudelotii (Baill.) Heckel",0.416667,9.483333
"559","Ricinodendron heudelotii (Baill.) Heckel",11.2611,-15.0139
"560","Ricinodendron heudelotii subsp. africanum (Müll.Arg.) J.Léonard",-4.90888,38.75083
"561","Ricinodendron heudelotii (Baill.) Heckel",6.990174,2.619195
"562","Ricinodendron heudelotii (Baill.) Heckel",-8.569722,36.501111
"563","Ricinodendron heudelotii (Baill.) Heckel",-5.065,38.4572
"564","Ricinodendron heudelotii (Baill.) Heckel",-5.065,38.457222
"565","Ricinodendron heudelotii (Baill.) Heckel",-7.74861,36.91472
"567","Ricinodendron heudelotii (Baill.) Heckel",-8.56972,36.50111
"568","Ricinodendron heudelotii (Baill.) Heckel",7.018737,2.607138
"569","Ricinodendron heudelotii (Baill.) Heckel",6.23,-0.61
"570","Ricinodendron heudelotii (Baill.) Heckel",6.233611,-0.591666
"571","Ricinodendron heudelotii (Baill.) Heckel",6.23361,-0.60833
"572","Ricinodendron heudelotii subsp. africanum (Müll.Arg.) J.Léonard",-5.066667,38.461944
"573","Ricinodendron heudelotii subsp. africanum (Müll.Arg.) J.Léonard",-5.06666,38.46194
"576","Ricinodendron heudelotii (Baill.) Heckel",1.83728,10.92865
"577","Ricinodendron heudelotii (Baill.) Heckel",6.983333,-5.95
"580","Ricinodendron heudelotii (Baill.) Heckel",11.7728,-14.8969
"581","Ricinodendron heudelotii (Baill.) Heckel",11.6414,-15.0033
"582","Ricinodendron heudelotii (Baill.) Heckel",11.7794,-14.9167
"583","Ricinodendron heudelotii (Baill.) Heckel",-6.15,37.6
"584","Ricinodendron heudelotii subsp. africanum (Müll.Arg.) J.Léonard",1.71666,31.53333
"585","Ricinodendron heudelotii subsp. africanum (Müll.Arg.) J.Léonard",1.71916,31.47027
"586","Ricinodendron heudelotii (Baill.) Heckel",-2.7,9.933333
"588","Ricinodendron heudelotii (Baill.) Heckel",-2.7,9.93
"593","Ricinodendron heudelotii (Baill.) Heckel",2.95,9.9
"594","Ricinodendron heudelotii (Baill.) Heckel",11.6464,-15.0244
"596","Ricinodendron heudelotii subsp. africanum (Müll.Arg.) J.Léonard",-7.83333,36.86666
"597","Ricinodendron heudelotii var. tomentellum (Hutch. & E.A.Bruce) Radcl.-Sm.",-7.83333,36.86666
"598","Ricinodendron heudelotii (Baill.) Heckel",2.883333,9.9
"599","Ricinodendron heudelotii subsp. africanum (Müll.Arg.) J.Léonard",4.82,9.76
"600","Ricinodendron heudelotii subsp. africanum (Müll.Arg.) J.Léonard",4.83,9.68
"601","Ricinodendron heudelotii (Baill.) Heckel",11.6544,-15.0186
"602","Ricinodendron heudelotii subsp. africanum (Müll.Arg.) J.Léonard",4.73,9.72
"603","Ricinodendron heudelotii subsp. africanum (Müll.Arg.) J.Léonard",4.85,9.67
"604","Ricinodendron heudelotii (Baill.) Heckel",-0.766667,13
"605","Ricinodendron heudelotii (Baill.) Heckel",5.416667,10.966667
"607","Ricinodendron heudelotii (Baill.) Heckel",6.51,0.36
"608","Ricinodendron heudelotii (Baill.) Heckel",6.85,-0.6
"609","Ricinodendron heudelotii (Baill.) Heckel",6.16,-0.6
"610","Ricinodendron heudelotii (Baill.) Heckel",6.16416,-0.60222
"611","Ricinodendron heudelotii (Baill.) Heckel",6.164167,-0.602222
"612","Ricinodendron heudelotii (Baill.) Heckel",3.81,12.7
"613","Ricinodendron heudelotii (Baill.) Heckel",11.243055,-15.036667
"614","Ricinodendron heudelotii (Baill.) Heckel",11.233333,-15.033333
"615","Ricinodendron heudelotii (Baill.) Heckel",1.8173,31.683
"616","Ricinodendron heudelotii (Baill.) Heckel",0.3523,30.3701
"617","Ricinodendron heudelotii (Baill.) Heckel",1.8002,31.5939
"618","Ricinodendron heudelotii (Baill.) Heckel",1.7075,31.4724
"619","Ricinodendron heudelotii subsp. africanum (Müll.Arg.) J.Léonard",-5.083333,39
"620","Ricinodendron heudelotii (Baill.) Heckel",0.8283,30.164
"621","Ricinodendron heudelotii (Baill.) Heckel",1.2909,31.0144
"622","Ricinodendron heudelotii (Baill.) Heckel",1.7939,31.557
"623","Ricinodendron heudelotii (Baill.) Heckel",1.6715,31.4274
"624","Ricinodendron heudelotii (Baill.) Heckel",-0.833333,13
"626","Ricinodendron heudelotii (Baill.) Heckel",-0.337,30.0857
"629","Ricinodendron heudelotii (Baill.) Heckel",6.216667,-5.016667
"630","Ricinodendron heudelotii (Baill.) Heckel",6.21667,-5.01667
"631","Ricinodendron heudelotii (Baill.) Heckel",6.25,-5.05
"632","Ricinodendron heudelotii (Baill.) Heckel",6.959687,2.671088
"633","Ricinodendron heudelotii (Baill.) Heckel",6.96073,2.675143
"634","Ricinodendron heudelotii (Baill.) Heckel",6.960539,2.660631
"635","Ricinodendron heudelotii (Baill.) Heckel",6.960558,2.663066
"636","Ricinodendron heudelotii (Baill.) Heckel",6.961777,2.672136
"637","Ricinodendron heudelotii (Baill.) Heckel",6.959517,2.661745
"638","Ricinodendron heudelotii (Baill.) Heckel",6.961757,2.66962
"639","Ricinodendron heudelotii (Baill.) Heckel",6.962687,2.667528
"640","Ricinodendron heudelotii (Baill.) Heckel",6.963497,2.661625
"641","Ricinodendron heudelotii (Baill.) Heckel",6.961592,2.665845
"642","Ricinodendron heudelotii (Baill.) Heckel",6.959734,2.674111
"643","Ricinodendron heudelotii (Baill.) Heckel",6.959717,2.675732
"644","Ricinodendron heudelotii (Baill.) Heckel",6.965634,2.677104
"645","Ricinodendron heudelotii subsp. africanum (Müll.Arg.) J.Léonard",-1.15,21.95
"646","Ricinodendron heudelotii (Baill.) Heckel",-1.15,21.95
"647","Ricinodendron heudelotii (Baill.) Heckel",5.26666,9.13333
"648","Ricinodendron heudelotii (Baill.) Heckel",5.266667,9.133333
"650","Ricinodendron heudelotii (Baill.) Heckel",1.516667,12.833333
"652","Ricinodendron heudelotii (Baill.) Heckel",-4.016667,11.783333
"654","Ricinodendron heudelotii var. tomentellum (Hutch. & E.A.Bruce) Radcl.-Sm.",-4.43333,39.21666
"657","Ricinodendron heudelotii subsp. africanum (Müll.Arg.) J.Léonard",-4.43333,39.21666
"659","Ricinodendron heudelotii (Baill.) Heckel",-4.433333,39.216667
"661","Ricinodendron heudelotii (Baill.) Heckel",2.83333,16.45
"662","Ricinodendron heudelotii (Baill.) Heckel",6.96667,2.68333
"663","Ricinodendron heudelotii (Baill.) Heckel",6.966667,2.683333
"664","Ricinodendron heudelotii (Baill.) Heckel",6.968737,2.690471
"669","Ricinodendron africanum Müll.Arg.",2.33333,16.13333
"670","Ricinodendron heudelotii (Baill.) Heckel",4.6,9.45
"671","Ricinodendron heudelotii (Baill.) Heckel",2.35,16.15
"673","Ricinodendron heudelotii (Baill.) Heckel",2.35,16.18333
"674","Ricinodendron heudelotii (Baill.) Heckel",2.7,16.11666
"677","Ricinodendron heudelotii (Baill.) Heckel",8.004722,0.659444
"679","Ricinodendron heudelotii (Baill.) Heckel",4.73333,9.48333
"680","Ricinodendron heudelotii var. tomentellum (Hutch. & E.A.Bruce) Radcl.-Sm.",-4.28333,39.31666
"682","Ricinodendron heudelotii (Baill.) Heckel",0.883333,10.916667
"683","Ricinodendron heudelotii (Baill.) Heckel",0.88,10.92
"685","Ricinodendron heudelotii (Baill.) Heckel",-2.233333,11.533333
"689","Ricinodendron heudelotii (Baill.) Heckel",6.883333,0.716667
"691","Ricinodendron heudelotii (Baill.) Heckel",0.416667,9.383333
"692","Ricinodendron heudelotii (Baill.) Heckel",0.41667,9.38333
"694","Ricinodendron heudelotii (Baill.) Heckel",0.433333,9.5
"697","Ricinodendron heudelotii (Baill.) Heckel",8.18333,21.18333
"698","Ricinodendron heudelotii (Baill.) Heckel",6.992886,2.663442
"699","Ricinodendron heudelotii (Baill.) Heckel",0.416667,9.49
"701","Ricinodendron heudelotii (Baill.) Heckel",4.833333,9.016667
"705","Ricinodendron heudelotii (Baill.) Heckel",4.83333,9.68333
"706","Ricinodendron heudelotii (Baill.) Heckel",4.633333,9.433333
"708","Ricinodendron heudelotii (Baill.) Heckel",4.716667,9.183333
"710","Ricinodendron heudelotii (Baill.) Heckel",4.63333,9.43333
"711","Ricinodendron heudelotii (Baill.) Heckel",4.6,9.433333
"713","Ricinodendron heudelotii subsp. africanum (Müll.Arg.) J.Léonard",4.6,9.43
"717","Ricinodendron heudelotii (Baill.) Heckel",4.6,9.43333
"719","Ricinodendron heudelotii (Baill.) Heckel",4.78,10.81
"720","Ricinodendron heudelotii subsp. africanum (Müll.Arg.) J.Léonard",4.76,10.83
"721","Ricinodendron heudelotii (Baill.) Heckel",4.91,14.6
"723","Ricinodendron heudelotii (Baill.) Heckel",4.916667,14.6
"724","Ricinodendron heudelotii (Baill.) Heckel",70.42,3.37
"725","Ricinodendron heudelotii (Baill.) Heckel",7.416667,3.366667
"726","Ricinodendron heudelotii (Baill.) Heckel",7.416667,3.533333
"728","Ricinodendron heudelotii subsp. africanum (Müll.Arg.) J.Léonard",1.416667,28.583333
"729","Ricinodendron heudelotii subsp. africanum (Müll.Arg.) J.Léonard",-7.833333,36.866667
"730","Ricinodendron heudelotii (Baill.) Heckel",6.166667,-4.933333
"732","Ricinodendron africanum Müll.Arg.",-1.53,28.27
"733","Ricinodendron heudelotii (Baill.) Heckel",3.76,11.1
"734","Ricinodendron heudelotii (Baill.) Heckel",3.766667,11.1
"737","Ricinodendron heudelotii (Baill.) Heckel",8.835985,1.676787
"739","Ricinodendron heudelotii subsp. africanum (Müll.Arg.) J.Léonard",0.55,25.1
"742","Ricinodendron heudelotii subsp. africanum (Müll.Arg.) J.Léonard",-5.45,38.26666
"744","Ricinodendron heudelotii (Baill.) Heckel",2.8,11.1
"748","Ricinodendron heudelotii (Baill.) Heckel",6.06,-1.35
"749","Ricinodendron heudelotii (Baill.) Heckel",6.1,-1.583333
"751","Ricinodendron heudelotii (Baill.) Heckel",6.1,-1.58333
"754","Ricinodendron heudelotii subsp. africanum (Müll.Arg.) J.Léonard",-9.333333,14.9
"759","Ricinodendron heudelotii (Baill.) Heckel",0.516667,25.083333
"764","Ricinodendron heudelotii subsp. africanum (Müll.Arg.) J.Léonard",-0.733333,26.583333
"766","Ricinodendron heudelotii subsp. africanum (Müll.Arg.) J.Léonard",1.61667,16.05
"767","Ricinodendron heudelotii var. tomentellum (Hutch. & E.A.Bruce) Radcl.-Sm.",-3.73333,39.7
"769","Ricinodendron heudelotii var. tomentellum (Hutch. & E.A.Bruce) Radcl.-Sm.",-8.83333,38.41666
"770","Ricinodendron heudelotii subsp. africanum (Müll.Arg.) J.Léonard",-8.83333,38.41666
"772","Ricinodendron heudelotii (Baill.) Heckel",6.08,0.55
"773","Ricinodendron heudelotii (Baill.) Heckel",6.133333,-0.916667
"774","Ricinodendron heudelotii (Baill.) Heckel",6.833333,-3.583333
"792","Ricinodendron heudelotii (Baill.) Heckel",-4.854993,38.373851
"794","Ricinodendron heudelotii subsp. africanum (Müll.Arg.) J.Léonard",-6.91666,39.03333
"795","Ricinodendron heudelotii subsp. africanum (Müll.Arg.) J.Léonard",-6.9,39.06666
"799","Ricinodendron heudelotii (Baill.) Heckel",4.75,11.11
"800","Ricinodendron heudelotii subsp. africanum (Müll.Arg.) J.Léonard",5.4,11.7
"801","Ricinodendron heudelotii (Baill.) Heckel",5.4,11.7
"803","Ricinodendron heudelotii subsp. africanum (Müll.Arg.) J.Léonard",-3.2775,13.22611
"805","Ricinodendron heudelotii (Baill.) Heckel",4.75,13.43
"807","Ricinodendron heudelotii (Baill.) Heckel",4.75,13.433333
"810","Ricinodendron heudelotii (Baill.) Heckel",4.583333,13.5
"813","Ricinodendron heudelotii (Baill.) Heckel",4.85,13.433333
"815","Ricinodendron heudelotii subsp. africanum (Müll.Arg.) J.Léonard",-4.13083,12.0675
"817","Ricinodendron heudelotii (Baill.) Heckel",2.9,11.13
"819","Ricinodendron heudelotii (Baill.) Heckel",3.9,11.9
"821","Ricinodendron heudelotii (Baill.) Heckel",2.833333,11.166667
"822","Ricinodendron heudelotii subsp. africanum (Müll.Arg.) J.Léonard",5.33667,-4.1325
"826","Ricinodendron heudelotii (Baill.) Heckel",-5.033333,38.433333
"831","Ricinodendron heudelotii subsp. africanum (Müll.Arg.) J.Léonard",3.466667,25.716667
"833","Ricinodendron heudelotii (Baill.) Heckel",5.5,-8.05
"835","Ricinodendron heudelotii (Baill.) Heckel",7.466667,-8.55
"839","Ricinodendron heudelotii (Baill.) Heckel",6.55,-8.733333
"840","Ricinodendron heudelotii (Baill.) Heckel",7.233333,-8.983333
"846","Ricinodendron heudelotii subsp. heudelotii",5.3,-6
"847","Ricinodendron heudelotii subsp. africanum (Müll.Arg.) J.Léonard",0.766667,24.45
"848","Ricinodendron heudelotii (Baill.) Heckel",5.3,-6
"854","Ricinodendron heudelotii (Baill.) Heckel",7.283333,-8.15
"858","Ricinodendron heudelotii (Baill.) Heckel",5.3,8.333333
"859","Ricinodendron heudelotii subsp. africanum (Müll.Arg.) J.Léonard",-2.066667,28.566667
"862","Ricinodendron heudelotii subsp. africanum (Müll.Arg.) J.Léonard",-3.2,25.85
"867","Ricinodendron heudelotii subsp. africanum (Müll.Arg.) J.Léonard",7.141532,3.845173
"868","Ricinodendron heudelotii subsp. africanum (Müll.Arg.) J.Léonard",-2.25,18.316667
"871","Ricinodendron heudelotii (Baill.) Heckel",-7.512222,24.166944
"880","Ricinodendron heudelotii subsp. africanum (Müll.Arg.) J.Léonard",-5.983333,22.816667
"884","Ricinodendron heudelotii subsp. africanum (Müll.Arg.) J.Léonard",-7.516667,24.183333
"891","Ricinodendron africanum Müll.Arg.",5.89261,-5.25485
"900","Ricinodendron africanum Müll.Arg.",-0.53,18.07
"905","Ricinodendron heudelotii subsp. africanum (Müll.Arg.) J.Léonard",4.38,9.61
"906","Ricinodendron heudelotii subsp. africanum (Müll.Arg.) J.Léonard",-2.066667,28.483333
"908","Ricinodendron heudelotii subsp. africanum (Müll.Arg.) J.Léonard",-5.316667,18.933333
"912","Ricinodendron heudelotii subsp. africanum (Müll.Arg.) J.Léonard",1.404166,28.570833
"917","Ricinodendron africanum Müll.Arg.",5.975404,-4.935128
"919","Ricinodendron heudelotii subsp. africanum (Müll.Arg.) J.Léonard",-5.137499,15.091666
"922","Ricinodendron heudelotii (Baill.) Heckel",6.683333,-1.616667
"925","Ricinodendron heudelotii subsp. africanum (Müll.Arg.) J.Léonard",0.5,32.95
"948","Ricinodendron heudelotii subsp. africanum (Müll.Arg.) J.Léonard",-5.633333,13.066667
"951","Ricinodendron heudelotii subsp. africanum (Müll.Arg.) J.Léonard",3.9,17.933333
"953","Ricinodendron heudelotii subsp. africanum (Müll.Arg.) J.Léonard",0.05,18.316667
"957","Ricinodendron heudelotii subsp. africanum (Müll.Arg.) J.Léonard",0.033333,18.333333
"961","Ricinodendron heudelotii (Baill.) Heckel",11.766667,-15.2
"963","Ricinodendron heudelotii subsp. africanum (Müll.Arg.) J.Léonard",2.5475,10.6175
"964","Ricinodendron heudelotii var. tomentellum (Hutch. & E.A.Bruce) Radcl.-Sm.",-5.11666,38.66666
"965","Ricinodendron heudelotii subsp. africanum (Müll.Arg.) J.Léonard",3.86,10.61
"967","Ricinodendron heudelotii (Baill.) Heckel",7.633333,-8.433333
"968","Ricinodendron heudelotii subsp. africanum (Müll.Arg.) J.Léonard",5.86667,-7.45
"973","Ricinodendron heudelotii var. tomentellum (Hutch. & E.A.Bruce) Radcl.-Sm.",-4.88333,38.28333
"986","Ricinodendron heudelotii subsp. africanum (Müll.Arg.) J.Léonard",-5.21666,38.68333
"994","Ricinodendron heudelotii subsp. africanum (Müll.Arg.) J.Léonard",0.95,22.033333
"1004","Ricinodendron heudelotii subsp. africanum (Müll.Arg.) J.Léonard",4.716667,27.683333
"1017","Ricinodendron heudelotii (Baill.) Heckel",6.48,-1.05
"1018","Ricinodendron heudelotii (Baill.) Heckel",6.8,-1.083333
"1025","Ricinodendron heudelotii (Baill.) Heckel",0.816667,24.466667
"1026","Ricinodendron heudelotii subsp. africanum (Müll.Arg.) J.Léonard",-5.03333,38.33333
"1027","Ricinodendron heudelotii subsp. africanum (Müll.Arg.) J.Léonard",6,12
"1028","Ricinodendron heudelotii subsp. africanum (Müll.Arg.) J.Léonard",-1,22
"1045","Ricinodendron heudelotii (Baill.) Heckel",6.17,0.28
"1051","Ricinodendron heudelotii subsp. africanum (Müll.Arg.) J.Léonard",-4.78306,14.30833
"1056","Ricinodendron heudelotii subsp. africanum (Müll.Arg.) J.Léonard",-4.983333,12.983333
"1059","Ricinodendron heudelotii subsp. africanum (Müll.Arg.) J.Léonard",0.06667,18.28333
"1065","Ricinodendron heudelotii subsp. africanum (Müll.Arg.) J.Léonard",3.35,20.3
"1067","Ricinodendron heudelotii subsp. africanum (Müll.Arg.) J.Léonard",-8.033333,25.283333
"1070","Ricinodendron heudelotii subsp. africanum (Müll.Arg.) J.Léonard",-6.183333,26.333333
"1076","Ricinodendron heudelotii subsp. africanum (Müll.Arg.) J.Léonard",-4.68333,14.53861
"1082","Ricinodendron heudelotii subsp. africanum (Müll.Arg.) J.Léonard",-5.483333,13.05
"1084","Ricinodendron heudelotii subsp. africanum (Müll.Arg.) J.Léonard",-5.495277,13.006667
"1085","Ricinodendron heudelotii (Baill.) Heckel",0.38333,9.45
"1086","Ricinodendron heudelotii subsp. africanum (Müll.Arg.) J.Léonard",4.05,9.7
"1096","Ricinodendron heudelotii subsp. africanum (Müll.Arg.) J.Léonard",3.08,10.41
"1100","Ricinodendron africanum Müll.Arg.",3.083333,10.416667
"1108","Ricinodendron heudelotii subsp. africanum (Müll.Arg.) J.Léonard",2.833333,20.75
"1109","Ricinodendron heudelotii subsp. africanum (Müll.Arg.) J.Léonard",2.883333,22.383333
"1110","Ricinodendron africanum Müll.Arg.",0.416667,9.433333
"1113","Ricinodendron heudelotii subsp. africanum (Müll.Arg.) J.Léonard",-5.891666,22.408333
"1114","Ricinodendron heudelotii (Baill.) Heckel",-0.68333,10.21667
"1119","Ricinodendron heudelotii subsp. africanum (Müll.Arg.) J.Léonard",1.783333,31.583333
"1120","Ricinodendron heudelotii subsp. heudelotii",7.26667,-8.16667
"1121","Ricinodendron heudelotii subsp. africanum (Müll.Arg.) J.Léonard",5.62778,-4.08667
"1127","Ricinodendron africanum Müll.Arg.",-9.335252,14.902954
"1129","Ricinodendron heudelotii subsp. africanum (Müll.Arg.) J.Léonard",3.23,10.03
"1141","Ricinodendron heudelotii subsp. africanum (Müll.Arg.) J.Léonard",-4.3,18.4
"1142","Ricinodendron heudelotii (Baill.) Heckel",-2.85,11.03333
"1148","Ricinodendron heudelotii (Baill.) Heckel",5.34972,-3.90833
"1150","Ricinodendron heudelotii subsp. africanum (Müll.Arg.) J.Léonard",1.233333,30.466667
"1151","Ricinodendron heudelotii subsp. africanum (Müll.Arg.) J.Léonard",1.216667,23.6
"1154","Ricinodendron heudelotii (Baill.) Heckel",-5.366667,14.516667
"1155","Ricinodendron heudelotii subsp. africanum (Müll.Arg.) J.Léonard",-4.883333,23.283333
"1156","Ricinodendron heudelotii var. tomentellum (Hutch. & E.A.Bruce) Radcl.-Sm.",-9.56666,39.28333
"1157","Ricinodendron heudelotii subsp. africanum (Müll.Arg.) J.Léonard",-12.51666,40.35
"1168","Ricinodendron heudelotii (Baill.) Heckel",3.083333,10.416667
"1173","Ricinodendron heudelotii (Baill.) Heckel",-5.137499,15.091666
"1175","Ricinodendron africanum Müll.Arg.",3.23,10.03
"1184","Ricinodendron heudelotii (Baill.) Heckel",6.083333,-0.25
"1198","Ricinodendron heudelotii subsp. heudelotii",5.32056,-4.38306
"1200","Ricinodendron heudelotii (Baill.) Heckel",0.416667,9.45
"1211","Ricinodendron heudelotii subsp. africanum (Müll.Arg.) J.Léonard",3.35,8.66666
"1215","Ricinodendron heudelotii (Baill.) Heckel",14.366965,-14.467653
"1258","Ricinodendron heudelotii subsp. africanum (Müll.Arg.) J.Léonard",3.15,13.61
"1260","Ricinodendron heudelotii subsp. africanum (Müll.Arg.) J.Léonard",3.01,12.36
"1267","Ricinodendron heudelotii subsp. africanum (Müll.Arg.) J.Léonard",4.63,9.43
"1273","Ricinodendron heudelotii (Baill.) Heckel",6.966,2.683
"1365","Ricinodendron heudelotii subsp. africanum (Müll.Arg.) J.Léonard",-2.78556,11.84194
"1369","Ricinodendron heudelotii subsp. africanum (Müll.Arg.) J.Léonard",6.43333,-3.36667
"1371","Ricinodendron heudelotii subsp. africanum (Müll.Arg.) J.Léonard",5.34111,-4.02806
"1410","Ricinodendron heudelotii (Baill.) Heckel",-8.35,38.93
"1426","Ricinodendron heudelotii subsp. africanum (Müll.Arg.) J.Léonard",-2.716667,17.666667
"1432","Ricinodendron heudelotii subsp. africanum (Müll.Arg.) J.Léonard",-4.966667,23.266667
"1433","Ricinodendron heudelotii subsp. africanum (Müll.Arg.) J.Léonard",2.866667,27.633333
"1481","Ricinodendron heudelotii subsp. africanum (Müll.Arg.) J.Léonard",11.315636,-12.366136
"1482","Ricinodendron heudelotii (Baill.) Heckel",11.359703,-12.311836
"1483","Ricinodendron heudelotii (Baill.) Heckel",11.315636,-12.366136
"1484","Ricinodendron heudelotii (Baill.) Heckel",6.962046,2.108897
"1485","Ricinodendron heudelotii (Baill.) Heckel",6.962292,2.670742
"1486","Ricinodendron heudelotii (Baill.) Heckel",6.962437,2.671394
"1487","Ricinodendron heudelotii (Baill.) Heckel",6.962057,2.671584
"1488","Ricinodendron heudelotii (Baill.) Heckel",6.962645,2.671602
"1489","Ricinodendron heudelotii (Baill.) Heckel",6.962256,2.671711
"1490","Ricinodendron heudelotii (Baill.) Heckel",6.962474,2.672543
"1491","Ricinodendron heudelotii (Baill.) Heckel",6.966228,2.67255
"1492","Ricinodendron heudelotii (Baill.) Heckel",6.965604,2.672994
"1493","Ricinodendron heudelotii (Baill.) Heckel",6.962086,2.674789
"1494","Ricinodendron heudelotii (Baill.) Heckel",6.961155,2.674807
"1503","Ricinodendron africanum Müll.Arg.",-12.80056,13.80583
"1504","Ricinodendron heudelotii subsp. heudelotii",11.5,-12.5
"1505","Ricinodendron heudelotii (Baill.) Heckel",-8.35,38.93333
